is_goal,distance_to_goal,angle_to_goal,shot_body_part,play_pattern,under_pressure,shot_statsbomb_xg
0,23.510423220350585,19.30345396765998,Left Foot,Regular Play,1,0.038882375
1,36.444615514503646,12.41215796309145,Left Foot,From Throw In,0,0.024477394
0,33.23853185686757,13.708899258828232,Right Foot,From Free Kick,0,0.02207015
0,15.423683088030561,25.112519365201305,Left Foot,From Corner,0,0.06158555
0,8.420213774008356,44.31353963693273,Right Foot,From Counter,0,0.27914461
0,26.5,14.69731927951188,Left Foot,From Goal Kick,0,0.022624016
1,18.110770276274838,17.637995562297313,Right Foot,From Throw In,0,0.10405799
0,13.418271125595869,30.543325053353197,Right Foot,Regular Play,0,0.09711841
0,14.803040228277437,27.468303307985806,Right Foot,From Free Kick,0,0.094470315
0,14.948244044034073,29.881515261612027,Left Foot,Regular Play,0,0.051903803
0,8.132035415564786,51.22281001579047,Head,From Corner,1,0.086874224
0,2.0000000000000027,141.34019174590983,Head,From Corner,1,0.638813
0,11.555085460523431,17.38733096845362,Left Foot,From Free Kick,0,0.23307544
0,24.316660954991338,14.725423038485348,Left Foot,Regular Play,0,0.028282227
0,11.241441188744437,25.566026642844232,Right Foot,From Free Kick,0,0.06697492
0,9.525754563287887,45.47891071324955,Head,From Corner,1,0.06988547
1,8.246211251235321,50.9061411137705,Head,Regular Play,1,0.08285139
1,15.970597985047403,28.01672827153534,Left Foot,From Corner,0,0.061030492
1,9.425497334358543,44.66771668590186,Right Foot,Regular Play,0,0.1885282
0,16.198765385053264,23.824260582895423,Right Foot,Regular Play,0,0.11232807
0,28.853076092507013,14.344583727393728,Right Foot,From Free Kick,0,0.042866398
0,26.653705183332388,14.284082510742728,Left Foot,From Free Kick,0,0.021548782
0,36.47862387755328,12.42272342794132,Right Foot,Regular Play,0,0.0065368367
1,15.993123522314209,26.1256220040187,Left Foot,Regular Play,0,0.080026746
1,13.041855696180662,28.13575134157861,Right Foot,From Throw In,1,0.065701395
0,18.208239892971534,22.701044480927578,Right Foot,From Throw In,0,0.045791544
0,22.800877176108823,19.415763913970114,Left Foot,From Throw In,0,0.028478073
1,12.860015552090129,28.88171452268812,Left Foot,From Goal Kick,0,0.40810898
0,20.860728654579642,15.874241022660259,Right Foot,From Counter,1,0.06202265
0,15.634896865665606,21.762481321457567,Left Foot,Regular Play,0,0.0776978
1,8.000624975587845,53.12437320590988,Right Foot,From Free Kick,0,0.6262809
0,13.155227098001763,24.868530632594197,Right Foot,Regular Play,0,0.35130003
0,23.555254190944318,14.244958956433392,Right Foot,From Kick Off,0,0.03397081
0,19.103141102970476,18.625378017827934,Right Foot,From Free Kick,0,0.05519996
0,11.208925015361643,12.347191172580523,Right Foot,From Free Kick,0,0.020840297
0,16.00781059358212,26.234998993306316,Right Foot,From Counter,1,0.1934709
0,27.772288346479478,16.127575825959845,Right Foot,Regular Play,0,0.025340356
0,20.48414020651099,21.82098774614444,Left Foot,From Throw In,0,0.054300383
0,8.190848551890088,50.69109814692395,Head,From Throw In,1,0.104244776
0,9.708243919473801,17.58512191234613,Left Foot,Regular Play,0,0.108029366
0,28.887713651308573,13.783964268719156,Left Foot,Regular Play,0,0.024362085
0,11.672617529928752,37.41861851980215,Head,From Throw In,0,0.08771692
0,20.44162420161373,18.594770463760774,Right Foot,From Throw In,0,0.041306578
0,22.398660674245676,17.46344445895997,Left Foot,From Corner,0,0.026916144
0,6.315853069855248,39.935071482956886,Head,From Corner,1,0.1189759
0,19.386851214160586,19.693655503981184,Right Foot,From Keeper,0,0.07960723
0,25.732858372128035,17.391882342783873,Left Foot,From Corner,0,0.024012579
0,20.519746587129184,20.667883128006274,Left Foot,From Goal Kick,1,0.048855886
0,19.535864454894238,22.99877628185034,Left Foot,Regular Play,1,0.10219261
0,19.33313218286163,17.848277051090633,Left Foot,From Throw In,1,0.071706615
0,8.095060222135476,49.30789998932022,Right Foot,From Keeper,0,0.09935363
0,10.606601717798211,37.63166466531086,Right Foot,From Keeper,1,0.19960539
0,7.21248916810279,56.87409587707282,Head,Regular Play,0,0.30245224
0,13.337541002748592,33.314373638946826,Right Foot,From Free Kick,0,0.07160131
0,21.949259668608413,7.920404104353242,Right Foot,From Goal Kick,1,0.0061408128
0,8.18596359630313,49.24999082943623,Head,From Corner,1,0.07045005
0,16.182088863926065,17.17737330356256,Right Foot,From Corner,0,0.04308796
0,5.889821729050887,62.56316501096378,Left Foot,From Corner,0,0.4909717
0,3.7483329627982607,95.35582504285524,Other,Regular Play,0,0.5721495
1,21.385976713725288,19.373733507092282,Left Foot,From Throw In,0,0.059259485
0,16.401219466856727,22.345955827829535,Left Foot,From Free Kick,0,0.062208217
0,25.287348615463824,17.919232984967277,Right Foot,From Throw In,0,0.030668529
0,9.569221493935652,39.906100351927364,Left Foot,Regular Play,0,0.069653474
0,25.467822835884505,13.784289075527175,Right Foot,Regular Play,0,0.029882463
0,12.58769240170731,28.8270034123387,Head,From Free Kick,1,0.024015462
0,23.924046480476505,15.586767146318527,Right Foot,From Corner,1,0.022953799
0,8.98943824718764,44.63970988515147,Left Foot,From Corner,0,0.18923391
0,18.14745161172775,19.928469609294094,Left Foot,Regular Play,0,0.08083876
1,4.428317965096905,83.56353273014273,Right Foot,From Counter,0,0.790909
0,18.172781845386247,24.61885606004722,Right Foot,From Throw In,0,0.09564507
0,20.208908926510603,17.85480273308231,Left Foot,From Throw In,0,0.046335444
0,15.033628969746465,29.57889831273375,Left Foot,Regular Play,1,0.13418972
0,23.517227727774376,19.292802377508437,Left Foot,Regular Play,0,0.04520454
0,19.86454127333425,19.544459130522323,Right Foot,Regular Play,1,0.03323832
0,30.50409808533929,12.192703602993044,Right Foot,From Corner,0,0.007451811
0,21.176638071233114,21.322399188745546,Head,From Throw In,0,0.033830326
0,23.795167576632025,18.490850782873057,Left Foot,Regular Play,0,0.03268242
0,14.773286702694158,13.350999898526387,Right Foot,Regular Play,0,0.04214545
0,11.016805344563362,37.481772734361144,Head,From Corner,0,0.06376064
1,4.997999599839924,76.56768014107615,Head,Regular Play,1,0.33106714
0,19.200260414900626,19.14118965899011,Right Foot,Regular Play,0,0.10093839
0,19.474342094150447,15.976639620181574,Right Foot,Regular Play,0,0.03356069
0,17.857211428439772,24.432551727684654,Right Foot,From Goal Kick,0,0.10385344
1,25.09760944791356,14.258048610138198,Left Foot,Regular Play,0,0.027777622
1,1.3152946437965882,143.91537141022488,Other,From Free Kick,0,0.87261814
0,19.84792180556947,22.42906943984362,Right Foot,From Counter,0,0.13121767
0,22.43412579085711,14.011618093365078,Left Foot,From Throw In,0,0.016301522
0,34.283815423607685,13.090802740862163,Right Foot,From Throw In,0,0.01649772
0,16.0312195418814,27.973679912416454,Head,From Free Kick,0,0.0504811
0,26.165817395984405,15.513282710220668,Left Foot,Regular Play,0,0.02842248
0,25.64000780031082,15.410481908788809,Right Foot,From Throw In,0,0.0241939
0,33.38637446623997,10.397981534622968,Left Foot,From Throw In,0,0.007735879
0,15.0,19.008707120638544,Right Foot,From Throw In,0,0.12373556
0,30.897249068485042,12.401549489960772,Right Foot,From Throw In,0,0.008523117
0,11.400438588054403,37.92402484465676,Right Foot,From Throw In,0,0.10607713
0,10.890362712049582,40.100907546212255,Head,From Corner,1,0.04222343
0,28.800694436072195,14.236924910102829,Right Foot,From Corner,0,0.019677445
0,12.522779244241276,34.06027953083906,Head,Regular Play,1,0.048006557
0,9.513148795220223,45.571035373114775,Right Foot,From Free Kick,0,0.18268152
0,30.838450025901107,13.007907952913959,Right Foot,From Free Kick,0,0.016826272
0,20.695893312442443,14.781859954365276,Left Foot,Regular Play,0,0.023374733
0,15.981239000778388,20.85445803957836,Left Foot,From Throw In,0,0.056137927
0,10.384603988597735,41.05847554506833,Head,From Throw In,1,0.05394238
0,7.839005038906401,50.12198779098566,Left Foot,From Throw In,1,0.08680134
0,21.12865353021816,20.297986829751274,Right Foot,Regular Play,0,0.0710417
0,17.864489917151285,19.609510488974866,Right Foot,From Counter,0,0.0422633
0,25.016994223927057,15.261875702643,Right Foot,Regular Play,0,0.032319076
0,26.144406667583798,14.255561598402597,Right Foot,Regular Play,0,0.025169194
0,24.700202428320303,18.397328487216683,Left Foot,From Corner,0,0.033566043
0,24.260667756679744,11.606356912032467,Right Foot,From Throw In,0,0.009332121
0,10.404806581575647,41.21141573849215,Head,From Corner,1,0.05556727
0,8.836288813749807,48.5935661878652,Head,From Free Kick,1,0.06991791
0,19.58290070444111,23.001288013573745,Left Foot,From Free Kick,0,0.045798708
0,10.83374358197572,38.00037766267309,Head,From Free Kick,1,0.080380306
0,22.43680012836055,19.01799794568375,Right Foot,From Corner,0,0.040954046
0,11.086027241532467,37.62553320126747,Head,From Corner,0,0.12157792
0,20.418863827353377,20.46217790993437,Left Foot,Regular Play,0,0.05512647
0,18.069310999592652,16.232565988396946,Right Foot,From Throw In,0,0.04585104
0,20.838665984174707,18.998159971032276,Right Foot,From Corner,0,0.043695714
1,5.069516742254635,76.10140378561155,Right Foot,Regular Play,0,0.5303789
0,17.867568385205637,8.699303851819641,Right Foot,Regular Play,0,0.011004616
0,17.861690849412884,14.788225130220384,Left Foot,Regular Play,0,0.05674209
0,6.041522986797291,66.52363166507008,Head,From Throw In,1,0.39133456
0,23.235533133543548,19.35223211535262,Right Foot,From Free Kick,0,0.080397844
0,34.407557309405156,11.311064615225673,Right Foot,From Throw In,0,0.006830182
0,10.017983829094554,40.48026160930495,Head,From Free Kick,1,0.21722858
0,8.914033879226627,48.28963264068046,Left Foot,From Free Kick,0,0.30539662
0,21.936727194365165,14.371319607648829,Left Foot,Regular Play,0,0.057746947
0,24.446063077722755,17.62706604751638,Right Foot,Regular Play,1,0.026111592
0,18.398369492974094,24.179710638133933,Left Foot,Regular Play,0,0.052363984
0,37.64797471312367,11.958121842954466,Left Foot,From Throw In,0,0.00976612
0,24.24417455802527,18.055943073869507,Left Foot,From Throw In,0,0.04188839
0,25.63220630378899,17.65355527724188,Left Foot,From Free Kick,0,0.06625415
0,8.780091115700339,16.071666022757807,Left Foot,From Throw In,1,0.03416934
0,6.824954212300618,54.19986172274445,Right Foot,From Free Kick,0,0.44776994
0,16.00781059358212,26.234998993306316,Right Foot,From Throw In,0,0.06879163
0,21.211553455605276,21.347866861570235,Left Foot,From Throw In,0,0.073204115
0,26.037665025881257,17.443677293911854,Left Foot,Regular Play,0,0.042848527
0,11.778370006074697,17.033155861429535,Head,From Counter,1,0.07962643
0,7.397972695272669,56.4482620774228,Left Foot,From Corner,0,0.2503287
0,32.626676202150904,13.514332786558045,Right Foot,From Free Kick,0,0.019376563
0,26.63174797117155,13.309599491295854,Right Foot,From Goal Kick,1,0.023614733
0,24.439312592624205,17.421349031288116,Right Foot,Regular Play,0,0.035244513
0,9.529428104561159,41.93258056945671,Right Foot,From Throw In,0,0.12850787
0,25.22399651125888,17.536620160618412,Right Foot,From Counter,0,0.017788952
0,11.672617529928756,34.679045637502284,Head,From Free Kick,1,0.07202582
0,31.296325662927266,14.479502384308418,Left Foot,From Throw In,0,0.02170084
0,20.576928828180364,15.89300262455539,Left Foot,From Goal Kick,0,0.030164797
0,14.350261321662401,31.061697940118062,Left Foot,From Free Kick,0,0.08566745
0,34.58612438536587,12.830702135163994,Right Foot,From Free Kick,0,0.011584845
0,13.93161871427725,24.190144048086786,Right Foot,From Counter,1,0.28799564
0,24.162781296862327,17.807913913108443,Left Foot,Regular Play,0,0.04282673
0,9.769339793455849,42.18741324008184,Head,From Counter,0,0.21401532
0,5.600892785976173,71.06391238328978,Head,Regular Play,0,0.22100283
0,16.875129629131745,24.625987074449583,Left Foot,From Throw In,0,0.068153165
0,16.696406799069077,21.44186693623573,Right Foot,From Counter,1,0.075855605
0,30.026821343592133,14.92159146638715,Right Foot,Regular Play,1,0.015279148
0,19.258504614844842,23.403451580348015,Left Foot,From Corner,0,0.05160931
0,22.510886255321,18.47907043732368,Right Foot,Regular Play,0,0.047915842
0,36.768056788467895,11.574529219537807,Right Foot,From Corner,0,0.0072957636
0,21.194574777522664,16.460761238159517,Right Foot,Regular Play,0,0.025361432
0,24.107467722678802,16.852489842676537,Right Foot,Regular Play,0,0.031851415
0,20.482431496284807,19.940685737683037,Left Foot,Regular Play,0,0.053537875
0,20.849220608934043,21.390175082038176,Right Foot,From Free Kick,0,0.06399969
0,20.923909768492127,21.622730804748944,Right Foot,From Free Kick,0,0.051057886
0,30.512456472726015,14.74402516790778,Right Foot,From Free Kick,0,0.020104993
0,13.605881081355955,14.836908761560695,Right Foot,From Free Kick,1,0.059788406
0,24.845522735495024,16.103841346037157,Right Foot,Regular Play,0,0.031046849
0,21.79197099851227,19.931360335851977,Right Foot,Regular Play,0,0.031239294
0,32.34145945995635,12.524448971783947,Right Foot,From Throw In,0,0.011336825
1,25.025187311986304,18.07762748738299,Right Foot,From Throw In,0,0.03268815
1,16.09751533622503,26.57164924990427,Right Foot,From Counter,0,0.19933115
0,12.70039369468522,22.97453793766107,Left Foot,Regular Play,0,0.08786314
0,9.154780172128651,47.03247283759231,Head,From Throw In,0,0.1007914
0,27.77228834647949,14.774550275046579,Left Foot,From Throw In,0,0.016592033
0,24.157193545608724,15.818119295363864,Right Foot,From Free Kick,0,0.041162748
0,29.940774873072336,11.354352162934003,Right Foot,Regular Play,0,0.010898009
0,18.35211159512714,7.388645375786885,Right Foot,From Throw In,0,0.013856714
1,16.844286865284626,26.51966398192343,Left Foot,Regular Play,1,0.15620883
0,8.828363381737299,48.33275486433859,Head,From Corner,1,0.061025612
0,9.885848471426216,31.252571272023342,Right Foot,From Corner,0,0.080746524
0,27.623540685437117,14.471036355701544,Right Foot,From Corner,0,0.020325886
0,15.700318468107579,21.414659179726613,Left Foot,Regular Play,0,0.06369618
0,15.631058825300352,6.397196424655908,Right Foot,Regular Play,0,0.01194291
0,23.777510382712478,18.966123007232245,Right Foot,From Throw In,0,0.041042205
0,26.294486114012578,16.120029833278238,Right Foot,From Free Kick,0,0.06416701
0,40.92383168766092,8.881291364463888,Right Foot,From Free Kick,0,0.005017159
0,16.00781059358212,28.04772510734193,Right Foot,From Throw In,0,0.28441095
0,26.90576146478668,14.326858510381856,Left Foot,From Free Kick,0,0.02354375
0,14.600000000000001,0.0,Head,From Free Kick,1,0.01084097
0,29.924738929521173,11.216065657608059,Right Foot,From Free Kick,0,0.010357286
0,16.279127740760558,24.978210343305932,Left Foot,Regular Play,0,0.05725451
0,26.829275055431527,16.4043041408801,Right Foot,From Goal Kick,0,0.022615774
0,12.631706139710497,32.87941999705545,Right Foot,Regular Play,0,0.081256144
0,18.99315666233499,23.23428531563443,Left Foot,From Free Kick,0,0.028181294
0,22.52110121641479,17.02400800253931,Right Foot,Regular Play,0,0.030065771
0,17.0,11.914041039191483,Head,From Corner,1,0.006450981
0,22.36470433517957,17.686945063282966,Left Foot,From Throw In,0,0.04109325
1,26.185874054535592,15.93409562701986,Right Foot,From Free Kick,0,0.05780817
1,8.06597793203031,41.88769139079452,Left Foot,Regular Play,0,0.44030064
0,34.74622281630048,11.353396507471903,Right Foot,From Counter,0,0.00753591
1,14.425671561490642,22.812316458721284,Left Foot,From Throw In,0,0.096602984
0,15.743252522906442,18.505350379080774,Right Foot,Regular Play,0,0.13184288
0,23.228000344411914,13.324913042500276,Right Foot,From Keeper,0,0.02192258
0,17.27223205031707,23.98282151359791,Right Foot,From Counter,0,0.25030845
0,12.952991932368365,21.045099401307414,Left Foot,From Counter,0,0.24362406
0,3.9319206502675055,90.99155872105769,Left Foot,From Counter,0,0.6100251
0,30.15824928605771,13.783697062333372,Left Foot,From Free Kick,0,0.031328887
0,25.77013775671368,14.995226428185509,Right Foot,From Throw In,0,0.025066664
0,18.69679116854013,23.233615546407368,Right Foot,Regular Play,0,0.058446433
0,6.824221567329121,55.69169884975151,Left Foot,From Corner,1,0.45507616
0,12.379418403139947,27.681061568485255,Left Foot,From Free Kick,0,0.09753507
0,20.289159667172022,12.097229493490843,Left Foot,Regular Play,0,0.016072592
0,13.787675656179323,27.440226432447723,Right Foot,Regular Play,0,0.15900026
0,34.01249770305028,12.609078788298667,Left Foot,Regular Play,0,0.012105021
0,29.008274681545608,11.610209211605548,Right Foot,Regular Play,0,0.009452554
0,16.69730517179344,15.968429378883291,Right Foot,Regular Play,1,0.08237888
0,6.824954212300623,60.294274037520374,Head,From Corner,1,0.19001445
0,20.0322240402807,17.082245177724683,Right Foot,From Goal Kick,0,0.041722767
0,5.457105459856898,71.99583839408666,Head,From Corner,0,0.15555824
1,8.115417426109387,52.42371726255926,Right Foot,From Throw In,1,0.55189455
0,6.262587324740473,53.34224249988916,Head,From Free Kick,0,0.24569963
0,7.9404030124421245,7.746145320243693,Right Foot,Regular Play,0,0.0123953605
0,13.21892582625381,32.209325695023594,Head,From Free Kick,1,0.046351306
0,12.628935030318273,34.873129412598985,Right Foot,From Keeper,0,0.1977995
0,23.95266164750798,18.849074628670035,Left Foot,Regular Play,0,0.048882935
0,13.328165665236908,30.706601503453427,Left Foot,From Throw In,0,0.27028984
0,24.084227203711567,18.360255668221907,Right Foot,From Corner,0,0.02513017
0,22.162355470481927,20.239442305567255,Right Foot,Regular Play,0,0.07171052
0,12.325988804148734,35.90085460494564,Right Foot,Regular Play,0,0.4577736
0,5.232590180780456,68.97027196472901,Head,From Corner,1,0.2074416
0,16.401219466856723,26.546931070309224,Left Foot,From Free Kick,0,0.07848694
0,21.453671014537342,19.89773369162547,Right Foot,From Throw In,0,0.045895047
0,17.944637081869335,14.65090038455401,Left Foot,Regular Play,0,0.030432492
0,31.481423093627775,14.358207147841581,Left Foot,From Corner,0,0.015372672
0,28.55538478115817,15.173639548750943,Left Foot,From Free Kick,0,0.030134441
0,29.807717121577767,14.841460060922707,Right Foot,From Throw In,0,0.020453067
0,30.29867983922731,13.75476789243039,Right Foot,Regular Play,1,0.021057075
0,29.713464961192262,15.081215635440836,Left Foot,Regular Play,0,0.02159481
1,4.404543109109054,84.48286402101188,Right Foot,Regular Play,0,0.48524466
1,17.748521065147937,18.491840594559807,Right Foot,Regular Play,0,0.21504128
1,14.345033983926282,19.283859931874503,Right Foot,Regular Play,0,0.15539157
1,6.503076195155644,63.17989216004912,Head,From Throw In,0,0.15547352
0,16.123585209251686,23.24647416693194,Head,From Free Kick,1,0.02431712
0,26.500188678573593,15.939661713586274,Right Foot,Regular Play,0,0.026070174
0,32.08815981012311,7.508358792086807,Right Foot,From Throw In,0,0.0063759447
0,18.31420213932346,18.035266231043845,Left Foot,Regular Play,0,0.034865376
0,17.74063133036702,24.223199426379075,Left Foot,From Throw In,0,0.12169348
0,22.870505022845474,19.544230122252078,Left Foot,Regular Play,1,0.059537582
0,10.111874208078344,33.73603284264343,Head,From Throw In,1,0.04866169
0,22.121934815924217,20.139219605962754,Left Foot,From Throw In,1,0.03382374
0,22.318154045529838,16.017574579914502,Right Foot,From Free Kick,0,0.034923773
0,10.787029248129436,40.19641095709305,Head,From Corner,1,0.045367446
0,20.86552180032888,20.01951772621675,Right Foot,From Free Kick,0,0.025139945
0,25.991537084212624,13.635746300187783,Left Foot,From Free Kick,0,0.03131155
0,37.974860105074775,11.201027456230467,Right Foot,From Throw In,0,0.0068181115
0,23.940133667128926,18.12804154160076,Left Foot,Regular Play,0,0.030127633
0,8.902246907382434,48.383947166923804,Head,From Corner,1,0.06871433
0,29.223620583356876,12.435822671261832,Right Foot,From Throw In,0,0.011074076
0,11.545128842936313,18.12811756647384,Right Foot,Regular Play,0,0.058196757
0,25.728000310945276,17.00968372178003,Left Foot,From Goal Kick,0,0.038496487
0,20.64000968992021,13.601074834736709,Right Foot,From Free Kick,0,0.04221427
0,16.704789732289363,26.925479172379262,Right Foot,Regular Play,1,0.06520781
0,17.758941409892653,22.759691264312742,Left Foot,Regular Play,0,0.07416881
0,8.720665112249183,49.21279049874661,Head,Regular Play,1,0.06430619
1,7.764663547121668,54.28411021487537,Head,Regular Play,0,0.28603274
0,31.123624467596958,12.40801512419659,Left Foot,From Throw In,0,0.008650101
0,31.579265349276255,13.302340798432876,Left Foot,Regular Play,0,0.014392905
0,8.386298349093002,46.67340233441044,Head,From Throw In,0,0.16068545
0,21.341274563624356,18.893305280922423,Left Foot,Regular Play,0,0.102816984
1,11.717081547894084,34.70473242405318,Left Foot,Regular Play,0,0.34814927
0,6.171709649683792,55.382196329870204,Head,From Throw In,0,0.25332773
0,32.547964606100955,13.951321254785192,Right Foot,From Free Kick,0,0.013776194
0,33.501790996900446,11.882707191954587,Right Foot,From Throw In,0,0.0066337776
1,12.495199078045934,35.07672611201236,Right Foot,From Counter,1,0.20100605
0,5.860034129593442,66.60924085946712,Head,From Corner,1,0.14399761
0,26.690822392725178,16.99165938496289,Left Foot,From Free Kick,0,0.032130886
0,10.932977636490435,39.84637307043679,Head,From Free Kick,0,0.18666926
0,5.024937810560446,72.64597536373867,Head,From Corner,0,0.19270518
0,15.072159765607585,26.914530107332077,Head,Regular Play,1,0.027433796
0,7.653757247260986,34.80556065807469,Head,From Corner,1,0.09428854
0,19.090573590125572,13.055247223796563,Right Foot,From Counter,0,0.042556882
0,27.569729777420747,16.3009120039375,Right Foot,From Free Kick,0,0.019808901
0,32.21179908046119,12.538308708900777,Right Foot,From Goal Kick,0,0.012477021
0,20.506096654409877,16.00150403984702,Right Foot,From Free Kick,0,0.03839731
0,8.329465769183518,51.203653447826596,Head,From Corner,1,0.075333446
0,12.539936203984453,33.077301803715784,Head,From Throw In,0,0.044610713
1,9.364827814754522,42.106192946761034,Right Foot,From Goal Kick,0,0.23496674
0,19.81565038044424,8.575539549724075,Right Foot,Regular Play,0,0.009729679
0,10.183319694480772,33.659903917546096,Right Foot,Other,0,0.35719204
0,37.45744251814317,11.126633661839598,Right Foot,From Corner,0,0.005913877
0,15.815498727514093,28.363324029233475,Right Foot,From Corner,0,0.03705331
0,28.988273491189506,12.264773727892461,Right Foot,From Free Kick,0,0.010959039
0,6.661080993352359,56.70657503522453,Left Foot,Regular Play,0,0.16438472
0,23.0,19.731613886168734,Right Foot,Regular Play,0,0.0391187
0,14.375673897247388,16.589452744657446,Left Foot,From Goal Kick,1,0.11089649
0,15.800316452527147,23.50125563969851,Right Foot,Regular Play,0,0.07597345
0,9.079647570252934,47.299865799425724,Head,From Goal Kick,0,0.13519733
0,6.585590330410787,55.07670446503173,Other,From Free Kick,0,0.25903136
0,25.785654926722344,17.065493699224948,Left Foot,From Free Kick,0,0.0660456
0,24.690889007891148,17.922677357627162,Right Foot,From Free Kick,0,0.03677261
0,15.565667348366407,24.179193154369663,Right Foot,From Throw In,0,0.09536816
0,17.61618573925695,24.542876194320083,Left Foot,Regular Play,0,0.10027991
0,12.677539193392377,34.85788316717122,Head,From Free Kick,1,0.02819521
1,13.60147050873544,31.21239140389495,Left Foot,From Goal Kick,0,0.47824246
0,8.44037913840368,16.15340488688558,Head,Regular Play,1,0.041744728
0,12.94681427996864,28.053654482553483,Right Foot,From Free Kick,0,0.4181081
0,25.700194551792794,17.0452388672278,Right Foot,From Throw In,0,0.046656966
0,13.685759021698432,13.397019557822931,Right Foot,From Kick Off,0,0.04113277
0,32.6827171453048,13.014977764589283,Right Foot,Regular Play,0,0.015712837
0,12.482387592123555,18.654735253880663,Right Foot,Regular Play,0,0.10723932
0,12.369316876852979,15.657757794615536,Right Foot,Regular Play,1,0.042171385
0,28.783502219153245,14.782259053601418,Right Foot,Regular Play,1,0.023612352
0,24.349537983296518,17.761967484618893,Right Foot,From Throw In,0,0.032602046
0,15.311760186209808,24.770150589063164,Right Foot,From Throw In,0,0.14338174
0,8.32165848854662,46.44192337168129,Head,From Corner,1,0.08364612
0,12.119818480488886,33.42865297630084,Right Foot,From Corner,0,0.067132466
0,11.454693361238443,23.96064323918551,Right Foot,Regular Play,1,0.0753362
1,16.701197561851668,26.93603586081334,Right Foot,From Goal Kick,1,0.14035599
0,26.109385285755,17.41428336019712,Right Foot,From Throw In,1,0.03016361
0,28.12561110447203,15.242920325657852,Right Foot,Regular Play,0,0.029451067
0,6.826419266350399,43.26429541107164,Right Foot,From Goal Kick,1,0.2959347
1,2.41867732448957,117.86298271695996,Right Foot,From Goal Kick,0,0.6883914
0,28.49034924320865,14.271504858512154,Right Foot,Regular Play,0,0.024495702
0,33.87742611238345,12.43785801798118,Right Foot,From Free Kick,0,0.00621196
0,26.108427758101406,12.075063362083334,Left Foot,Regular Play,0,0.010698183
0,22.28990803031722,20.27189213244686,Right Foot,Regular Play,0,0.04759094
0,7.507329751649385,44.74332575109162,Head,From Throw In,1,0.10936305
0,10.264989040422785,34.2281506850987,Head,From Corner,1,0.0425816
0,8.174350127074318,51.89435530929357,Head,Regular Play,1,0.11903284
0,11.903780911962377,35.239062111736175,Head,From Free Kick,0,0.04225832
0,19.581624038878903,13.468365317369667,Right Foot,From Goal Kick,1,0.02881258
0,16.995587662684688,3.0210536234544922,Left Foot,From Counter,1,0.010852635
0,20.319940944796073,22.25295826642971,Right Foot,Regular Play,0,0.054124165
0,14.256226709757387,26.755677960565794,Left Foot,From Counter,0,0.046849832
0,25.22419473442116,14.39517288203673,Left Foot,Regular Play,0,0.02230111
0,20.2089089265106,14.406685156436893,Right Foot,From Counter,0,0.048269883
0,12.529964086141673,32.895132497909664,Head,From Goal Kick,1,0.045027424
0,14.506550244630871,29.94250895646605,Right Foot,Regular Play,0,0.18605462
0,37.08436328157732,12.285334779739916,Right Foot,Regular Play,0,0.006951803
0,30.334963326168705,10.721274081988083,Right Foot,From Throw In,0,0.011081066
0,18.730189534545563,20.80206566160487,Left Foot,Regular Play,0,0.03630777
0,17.441330224498365,25.7804458939512,Left Foot,From Throw In,0,0.21733604
1,12.662148316932639,27.018966726553494,Right Foot,Regular Play,0,0.08505598
0,8.720665112249176,46.09945736998548,Head,From Corner,1,0.082872435
1,7.3999999999999995,55.31123134814748,Head,From Corner,0,0.25384808
0,14.413882197381795,27.728977743401202,Right Foot,From Keeper,0,0.18929456
0,27.18271509617831,16.46117449807345,Left Foot,From Corner,0,0.0264413
0,6.706713054842882,60.10109816138549,Head,From Corner,0,0.22405402
0,9.326306878931229,46.34760923847709,Head,From Corner,1,0.106879756
0,10.32375900532359,32.811249216166175,Left Foot,From Corner,0,0.080693014
0,11.225417586887358,36.02489587708613,Right Foot,From Throw In,0,0.23786028
0,33.93420103671221,13.011603865489075,Right Foot,Regular Play,0,0.015153575
1,4.134005321718878,86.45609451793547,Other,From Goal Kick,0,0.38353118
0,28.9836160614924,14.009246486602512,Left Foot,From Throw In,0,0.014218964
0,25.191466809219342,14.917350285826165,Right Foot,Regular Play,0,0.033781487
0,32.588494902342454,13.958758246158315,Right Foot,From Throw In,0,0.013632962
0,28.397887245356827,15.283819208010623,Right Foot,From Throw In,0,0.022911863
0,14.23411395205195,22.15942094149646,Head,From Corner,1,0.026021937
0,23.10346294389652,19.642256631190964,Right Foot,Regular Play,1,0.05193508
0,22.808989455914084,17.851801457700773,Right Foot,From Throw In,0,0.042519
0,25.75266976451179,17.559457161107822,Right Foot,From Throw In,0,0.041637745
0,15.044268011438778,29.210488917293812,Right Foot,From Throw In,0,0.12241382
0,28.12205540141048,15.5216320303048,Left Foot,Regular Play,0,0.028658802
0,16.405486887014355,19.97292881243718,Right Foot,Regular Play,0,0.03933018
0,26.718720029222958,17.017538313453077,Right Foot,From Free Kick,0,0.031919174
0,23.104977818643324,19.561250514711205,Right Foot,Regular Play,0,0.05113006
0,18.804786624686805,23.213745201307137,Right Foot,From Throw In,0,0.06614002
0,19.706344156134087,22.941436870121827,Left Foot,From Throw In,0,0.047906045
0,11.597413504743205,21.047230411166254,Left Foot,From Throw In,0,0.21508263
0,10.653168542738824,36.44725012944529,Head,From Free Kick,0,0.07710243
0,21.384573879317774,11.97500295143801,Right Foot,From Free Kick,0,0.013327111
0,18.26608879864543,22.81107185993022,Right Foot,Regular Play,0,0.06444196
0,12.839003076563223,34.527470004012514,Right Foot,Regular Play,0,0.15860753
0,10.791200118615166,22.88463472681544,Head,Regular Play,1,0.06737846
0,17.0,26.481039830374385,Right Foot,From Free Kick,0,0.10696415
0,19.662146373170955,16.361077455346347,Left Foot,Regular Play,0,0.06586899
0,18.811166896287954,17.233244675005135,Left Foot,From Throw In,0,0.029970925
0,13.507405376311175,19.578558351310846,Head,From Corner,0,0.034016185
0,13.396268137059666,20.156281466234898,Right Foot,From Throw In,1,0.0360808
0,12.306908628896213,27.72715272715443,Right Foot,Regular Play,0,0.32657883
0,24.48060456769808,12.900603485051855,Left Foot,Regular Play,0,0.02483029
0,8.549268974596597,47.54448534145601,Head,Regular Play,0,0.11167552
0,9.774456506629921,13.02512628400871,Right Foot,Regular Play,0,0.0550312
0,11.416216536138405,37.078602668915615,Right Foot,From Free Kick,0,0.06845111
0,9.124143795447324,38.13652588621883,Right Foot,From Free Kick,0,0.28772855
0,17.18138527593163,11.656793164822675,Left Foot,From Throw In,0,0.013784891
1,8.041144197189855,52.4060054716004,Left Foot,From Throw In,0,0.4777511
0,4.539823785126467,82.70267192572067,Head,From Corner,1,0.18550046
1,10.456098698845572,11.152828678998429,Right Foot,From Free Kick,0,0.02668418
0,13.138112497615472,33.78957586657293,Head,From Throw In,1,0.031593546
0,33.91577803913688,13.408431027159914,Right Foot,From Throw In,0,0.017847534
0,19.720547659738056,22.910543709942438,Right Foot,From Free Kick,0,0.088851534
0,9.099999999999998,22.7385059563729,Right Foot,From Free Kick,0,0.07610536
0,29.912539176739916,14.006170489881901,Right Foot,From Goal Kick,0,0.023819994
0,15.9699718221417,11.354176310409951,Left Foot,Regular Play,0,0.014059674
0,26.977953962448666,16.64436026421669,Right Foot,From Throw In,0,0.033114884
0,11.67261752992875,19.42258674150821,Head,From Corner,0,0.04366076
0,8.850988645343527,31.096029239189072,Right Foot,From Corner,0,0.124032564
0,22.498444390668432,18.330388193991684,Left Foot,From Corner,0,0.02765422
0,32.34439673266453,10.815372765360186,Right Foot,From Corner,0,0.008709067
0,12.666885963013952,25.467963888892477,Right Foot,From Corner,0,0.046073906
0,13.18483977907961,14.220583399896643,Right Foot,From Corner,0,0.06712157
0,9.381364506296512,41.629588210059524,Right Foot,From Throw In,0,0.4656446
0,20.220039564748635,22.359959578391766,Left Foot,From Corner,0,0.059586592
0,10.893117092916981,31.617465754850965,Head,From Kick Off,1,0.11338296
0,10.187246929372039,25.781738710359928,Right Foot,From Corner,0,0.07208876
0,29.31433096626972,14.773489250236608,Right Foot,From Corner,0,0.020917216
0,20.503902067655318,22.07398325393713,Right Foot,From Corner,0,0.041405495
0,16.497575579460147,26.692843591902065,Right Foot,From Corner,0,0.059058707
0,5.830951894845301,53.13010235415599,Head,From Throw In,0,0.25651878
0,21.044714300745447,21.296090162251428,Left Foot,From Keeper,0,0.08509644
0,3.9698866482558377,90.66107581158552,Head,From Corner,1,0.27134958
0,4.2953463189829035,80.34422063346287,Head,From Corner,0,0.5683119
0,23.577319610167734,14.537290952823547,Right Foot,Regular Play,0,0.02872357
0,6.449806198638836,60.255118703057796,Head,From Throw In,1,0.14539434
0,26.852187992787478,15.837146517513485,Right Foot,Regular Play,0,0.028684001
0,12.89961239727768,30.784146526326435,Head,From Corner,1,0.022084296
0,9.808159868191387,43.15714220409345,Head,From Corner,1,0.056964528
0,6.000833275470998,65.54525413034125,Head,From Corner,1,0.1766503
0,8.68331733843696,42.48422875485537,Head,From Free Kick,1,0.098180205
0,19.94843352245985,13.543155943767905,Left Foot,From Throw In,0,0.025630916
0,22.945587811167538,8.818678920741048,Right Foot,From Throw In,0,0.0069717234
0,32.61931942882929,12.022828725746848,Left Foot,Regular Play,1,0.008207667
0,30.00416637735499,13.286017249045146,Right Foot,From Corner,0,0.02413981
0,10.999999999999995,26.695863231782706,Right Foot,Other,0,0.10166888
0,15.761345120261783,22.611112262606163,Right Foot,From Throw In,0,0.0609232
0,14.173919711921608,29.918110639137694,Head,From Free Kick,0,0.06434309
0,26.90074348414928,11.066049174298204,Right Foot,From Free Kick,0,0.009746956
0,31.132780152116194,12.76724070445366,Right Foot,From Throw In,0,0.014301864
0,6.912307863514186,59.33585537084842,Head,From Corner,1,0.12449861
0,18.531055015837598,14.521092908614458,Left Foot,Regular Play,1,0.04959144
0,30.372685096974877,14.402986089055705,Right Foot,Regular Play,0,0.02170277
0,24.424782496472712,14.004426417054892,Left Foot,From Goal Kick,1,0.0400392
0,14.000357138301863,16.112569546964934,Right Foot,Regular Play,1,0.07323868
0,26.20934947685654,17.348918875332792,Right Foot,From Throw In,0,0.025409508
0,27.54087870784082,16.50436138175504,Right Foot,From Free Kick,0,0.019990891
0,15.947727110782903,16.45654743274847,Left Foot,From Goal Kick,1,0.039485876
0,7.2367119605522445,57.36787774265262,Head,From Corner,0,0.14633009
0,27.684833393033085,14.694508725449008,Right Foot,From Free Kick,0,0.029332913
0,32.940097146183405,11.175366600511971,Left Foot,From Goal Kick,0,0.009041326
1,14.447491131680959,27.982299995700025,Right Foot,Regular Play,0,0.23054633
1,11.039021695784461,29.54397135249758,Head,From Corner,0,0.038498666
0,8.429116205154614,50.67578827025046,Right Foot,From Free Kick,0,0.16305494
0,15.041608956491327,16.73049056586887,Left Foot,Regular Play,0,0.030363984
0,14.120906486483086,26.03780428541065,Right Foot,Regular Play,1,0.05329144
0,34.9665554494577,11.43169255368998,Right Foot,From Throw In,0,0.006098259
0,18.278949641595936,23.632779015648463,Left Foot,Regular Play,0,0.21404111
0,6.818357573492311,60.73033137304372,Other,From Throw In,0,0.3277431
0,18.46212338816963,17.367581370154184,Right Foot,From Throw In,0,0.067961
1,9.9849887330933,43.417646077381384,Head,From Free Kick,1,0.072239615
0,12.955693729013516,34.200734718097785,Head,From Free Kick,1,0.052429575
1,13.301503674397118,31.2357586904665,Right Foot,From Throw In,0,0.11607656
0,27.41477703721115,14.978530504394199,Left Foot,From Free Kick,0,0.023370314
0,9.513148795220223,45.571035373114775,Head,Regular Play,1,0.06740542
0,22.970633426181358,19.70027567687059,Left Foot,From Counter,0,0.057101198
0,29.464045886469833,14.879008751542367,Right Foot,From Kick Off,0,0.017552001
0,14.284257068535279,23.458443524171535,Right Foot,From Keeper,0,0.0798905
0,9.044335243676004,46.27681191968908,Right Foot,Regular Play,0,0.12589528
0,14.484474446799922,29.668410498821373,Right Foot,From Corner,0,0.05664073
0,11.014535850411486,36.09976383578261,Right Foot,Other,0,0.20472932
0,22.225210910135363,14.093769331642129,Left Foot,From Throw In,1,0.033730526
0,13.641847382227962,30.048662170584937,Left Foot,Regular Play,0,0.08619453
0,20.523644900455665,16.599827473559504,Left Foot,From Throw In,0,0.04071268
0,12.780062597655776,22.690244032548737,Right Foot,From Free Kick,0,0.04664896
0,22.398660674245686,19.835210075264712,Right Foot,From Goal Kick,0,0.04634635
0,20.181674856165927,13.673922541858195,Right Foot,Regular Play,0,0.033541974
0,15.799050604387588,28.11218950516788,Right Foot,From Throw In,0,0.08845105
0,10.678014796768176,35.99399356078443,Head,Regular Play,0,0.088843234
0,13.961733416735903,20.13413937056164,Right Foot,From Goal Kick,0,0.08121458
1,11.670903992407785,36.206076620212194,Left Foot,Regular Play,0,0.24992359
0,7.810889834071409,52.75412490380005,Left Foot,From Throw In,1,0.29588586
0,19.557607215607945,23.05693319676386,Right Foot,From Corner,0,0.048581414
0,8.860022573334673,46.73301312991531,Head,From Free Kick,1,0.120068476
0,25.57596527992639,15.552586779300468,Right Foot,Regular Play,0,0.03604073
0,22.386156436512277,19.68897961107413,Right Foot,From Throw In,0,0.0587075
0,23.4104677441524,15.384886011359693,Right Foot,Regular Play,0,0.022910038
0,16.377118183612154,27.052743911484203,Right Foot,From Goal Kick,0,0.0897183
0,17.00646935727696,26.32801523958547,Left Foot,Regular Play,0,0.04574546
0,12.491997438360285,33.98174234684986,Head,From Free Kick,0,0.07200206
0,8.276472678623424,48.81407483429035,Head,From Free Kick,1,0.08894938
0,23.40534127074417,19.39234458679013,Right Foot,Regular Play,0,0.061057936
0,8.668333173107731,48.309738545189084,Head,From Goal Kick,1,0.111036494
0,26.911893281595777,13.955317279491076,Right Foot,From Goal Kick,0,0.025805552
0,20.028230076569425,6.752473688960154,Right Foot,From Corner,0,0.009170555
0,9.716995420396168,42.23730195918064,Head,From Keeper,1,0.06675813
0,11.225417586887355,20.348576970214697,Right Foot,From Corner,0,0.05117428
0,9.920181449953427,37.48449831479191,Right Foot,Regular Play,0,0.21638125
0,25.701750913118744,17.690986992661827,Right Foot,From Corner,0,0.023129713
0,30.536044275577026,14.628254333342687,Left Foot,From Free Kick,0,0.02201561
0,15.845504094221802,28.266443785949726,Head,From Free Kick,1,0.022230485
0,27.26242835845699,16.426216232988295,Right Foot,From Throw In,0,0.02857021
0,6.103277807866851,62.02052561151985,Head,From Corner,1,0.14148508
0,11.49782588144385,26.99731566054275,Right Foot,From Free Kick,0,0.087867536
0,20.902870616257474,16.61441440938689,Right Foot,From Free Kick,0,0.029704679
0,16.954645381133748,25.93177744112277,Head,From Corner,0,0.028123023
0,20.817300497422806,21.54722693091546,Right Foot,Regular Play,0,0.0625126
0,22.772790781983655,19.785150107247045,Right Foot,Regular Play,0,0.029247057
0,9.752948272189293,43.54489912636311,Head,From Free Kick,1,0.07814184
0,18.741664813991314,17.23473974758415,Left Foot,From Counter,0,0.038312852
0,19.276929216034382,21.823630070660727,Head,From Corner,0,0.021188514
1,17.321951391226108,21.098986435263534,Right Foot,Regular Play,0,0.068805926
0,17.867568385205637,15.20154809631261,Right Foot,From Throw In,0,0.04824855
0,24.412496799794983,13.869456526889035,Left Foot,From Corner,0,0.020722246
0,14.313629868066313,31.024386963953628,Right Foot,From Free Kick,0,0.19349767
0,22.703523955544878,16.421520872350328,Right Foot,Regular Play,0,0.02377054
0,25.566579747787934,16.3610774553463,Left Foot,From Throw In,0,0.037832856
0,19.722322378462437,21.537653077706132,Left Foot,Regular Play,0,0.089517
0,22.517770760001984,20.04865855498019,Right Foot,Regular Play,1,0.049762752
1,11.1610931364271,38.77033213512761,Right Foot,From Throw In,0,0.43442267
0,17.8,23.048556123007856,Right Foot,Regular Play,1,0.03387043
0,24.917664417035557,17.610119269667425,Left Foot,From Free Kick,0,0.07608311
1,12.986531484580473,30.63420350519938,Head,From Free Kick,0,0.047416847
0,20.34821859524809,17.197759332541636,Left Foot,From Free Kick,0,0.032538008
0,14.44506836259351,15.104530210949852,Right Foot,From Free Kick,0,0.047394842
0,22.896506283710618,19.741971341606178,Left Foot,From Free Kick,0,0.08017064
1,8.200609733428365,52.001267557495325,Left Foot,From Free Kick,1,0.21959315
0,23.11060362690685,16.269122141017267,Left Foot,From Free Kick,1,0.035418287
0,14.743473132203277,19.876117276343688,Left Foot,From Free Kick,0,0.05290734
0,12.044085685513865,33.05849584040733,Right Foot,From Free Kick,0,0.2245604
0,26.078343505675353,17.265554323152738,Left Foot,From Corner,0,0.032085553
0,11.486513831445988,27.36197410368114,Head,From Corner,1,0.04452438
0,22.44370735863396,20.17454018004662,Left Foot,From Keeper,1,0.08241133
0,23.454637068179085,19.314698194043952,Left Foot,From Throw In,1,0.04201436
0,24.62376900476448,17.170088494318264,Right Foot,From Corner,0,0.038940463
0,22.852789764052883,17.867783586585947,Right Foot,Regular Play,0,0.06331741
0,13.200378782444085,27.95961679471202,Right Foot,From Throw In,0,0.15352516
0,12.041594578792292,36.19602941020536,Head,From Free Kick,0,0.14610097
1,10.640488710580914,33.68462710634908,Head,Regular Play,0,0.0895267
0,8.077747210701762,48.260333667381154,Head,Regular Play,0,0.18187125
0,8.471717653463205,50.310355992013214,Head,From Corner,1,0.069567084
0,17.373830895919298,22.499495840433106,Right Foot,From Goal Kick,0,0.044056788
0,31.80251562376787,12.506865112593657,Right Foot,Regular Play,0,0.011488004
0,15.666843970627903,26.50009000365125,Right Foot,Regular Play,0,0.16202919
0,17.55477143115227,20.42462324505339,Right Foot,From Throw In,0,0.06251996
0,16.867127793433003,20.726567869417327,Right Foot,From Free Kick,0,0.14103858
0,22.871160880025307,18.73643688081694,Left Foot,Regular Play,1,0.080942705
0,20.988091861815356,21.1233845756005,Left Foot,From Throw In,0,0.078109905
0,18.260887163552592,15.627383739121068,Right Foot,From Throw In,0,0.050267275
0,24.475497952033578,17.371648425396405,Right Foot,From Throw In,1,0.042256437
0,23.325951213187427,16.297276678658175,Right Foot,From Corner,0,0.029866349
0,29.00275848949544,15.703731321702074,Left Foot,From Corner,0,0.02438984
0,12.343824366864585,33.07095228337219,Head,Regular Play,0,0.099276
1,6.008327554319923,66.21261983080788,Right Foot,Regular Play,0,0.4798206
0,14.480676779764126,19.974555586662053,Left Foot,Regular Play,0,0.082946144
0,8.91852005660132,18.775123330141675,Right Foot,From Counter,0,0.1066145
0,15.476756766196209,26.119382866358645,Right Foot,Regular Play,0,0.05438086
0,6.9202601107183845,54.0664244167109,Right Foot,From Corner,1,0.41498688
0,23.02433495239331,16.797755108334073,Right Foot,From Throw In,0,0.037713535
0,13.612494260788507,30.968733148018007,Right Foot,From Throw In,0,0.110909514
0,4.981967482832466,74.21481048751923,Left Foot,From Free Kick,0,0.18427365
1,11.011357772772623,39.12151524218463,Right Foot,From Kick Off,0,0.4749194
0,17.658992043715294,24.943905263424558,Left Foot,From Free Kick,0,0.14038351
0,6.648308055437863,53.7073702715204,Right Foot,From Counter,0,0.36338806
0,26.38787600395302,16.753623300896482,Left Foot,From Throw In,0,0.037811525
0,17.93878479719293,21.943406170884916,Right Foot,From Free Kick,0,0.060394496
1,7.305477397131557,55.90228443469611,Left Foot,Regular Play,0,0.31018513
0,16.160445538412606,17.39393753907363,Left Foot,From Counter,0,0.11890341
0,13.4892549831338,32.073604250342136,Head,From Counter,0,0.066507556
1,5.769748694700666,67.43100809476205,Left Foot,From Throw In,0,0.510154
0,18.92141643746578,23.84923483482986,Right Foot,Regular Play,0,0.046867393
0,7.596051605933173,21.94340617088493,Head,Regular Play,0,0.13407986
0,12.503599481749246,35.47197076511746,Left Foot,Regular Play,0,0.085460834
0,31.485393438863042,13.068432007549195,Left Foot,Regular Play,0,0.015573137
0,30.87555667514353,14.316370535978498,Left Foot,From Free Kick,0,0.01353695
0,31.862831010442246,13.071144414549483,Left Foot,Regular Play,0,0.014244432
0,21.904565734111234,18.14502558780045,Left Foot,Regular Play,0,0.051288527
0,23.084626919229176,17.118305881470338,Left Foot,Regular Play,0,0.03132781
0,20.706762180505187,19.823793010154006,Right Foot,From Kick Off,0,0.09737273
0,18.890473789717404,20.46480410877128,Right Foot,From Kick Off,0,0.051375452
0,24.824383174612816,18.29021577582456,Right Foot,From Throw In,1,0.042255066
0,12.649505919204913,34.56066588556976,Head,From Throw In,0,0.08747226
0,15.0,29.862834356275116,Left Foot,From Corner,0,0.07774679
0,17.90027932742951,23.947119654286574,Right Foot,From Corner,0,0.04122181
0,23.099134182908237,12.716914353002144,Right Foot,From Goal Kick,0,0.022210024
0,22.318154045529845,19.97165480976284,Right Foot,From Free Kick,0,0.08557594
0,19.070395905696344,23.39242497744232,Right Foot,From Free Kick,0,0.10029054
0,24.677520134729907,18.150989578289117,Right Foot,From Free Kick,0,0.027111016
1,18.94755920956576,22.088252448209232,Left Foot,Regular Play,0,0.120298475
0,12.237646832622683,35.6671303044444,Right Foot,Regular Play,0,0.09400092
0,29.35574901105403,14.631463237600991,Right Foot,Regular Play,0,0.024542088
0,22.249719099350443,19.154882218714828,Right Foot,Regular Play,0,0.062813334
0,17.741758650145147,24.347798449630424,Right Foot,Regular Play,0,0.106800534
0,30.540792393125628,12.640728631022306,Right Foot,Regular Play,0,0.010577817
1,11.386395390991831,29.99400358521179,Left Foot,From Counter,0,0.30340916
0,20.74078108461685,17.877888222857493,Right Foot,From Throw In,0,0.040216275
0,17.839843048636947,14.113824395699124,Left Foot,From Free Kick,0,0.05953379
0,11.920151005754917,33.16467487964453,Right Foot,Regular Play,0,0.11555985
0,8.527602242131133,42.950113062448374,Head,From Corner,1,0.09618377
0,21.27580785775243,17.776659960397232,Right Foot,Regular Play,0,0.050644457
0,22.495555116511344,19.006506784439082,Right Foot,From Goal Kick,0,0.041589838
1,18.139735389470268,21.227979762813707,Right Foot,From Throw In,0,0.1017027
0,28.100711734758605,16.03827592149965,Right Foot,From Throw In,0,0.030159522
0,25.330811277967385,17.12717955935441,Right Foot,From Counter,0,0.0324491
0,15.983116091676237,20.34651198421726,Left Foot,From Corner,0,0.09333491
0,23.817010727629103,19.054749931511047,Left Foot,Regular Play,0,0.0430315
0,27.160265094435285,13.585541138924238,Right Foot,From Free Kick,0,0.019259434
0,30.200165562460086,15.089697353172857,Right Foot,From Free Kick,0,0.023031652
0,12.390722335683261,33.08401098106791,Right Foot,Regular Play,0,0.23260574
0,25.496078129783022,16.648245008175287,Right Foot,Regular Play,0,0.020604363
0,16.256075787224916,25.64760801704688,Left Foot,From Counter,0,0.14029205
0,22.772790781983662,14.630154911772843,Left Foot,From Throw In,0,0.024784861
0,13.242356285797475,15.701973979369946,Right Foot,Regular Play,0,0.10407211
1,4.534313619501858,80.48303233452033,Right Foot,Regular Play,0,0.48840353
0,22.924222996647014,16.279893266654963,Right Foot,From Corner,0,0.03075741
0,17.07922714879101,25.313113298944206,Right Foot,From Free Kick,0,0.27751395
0,9.338094023943006,45.94956685643581,Head,Regular Play,0,0.10655013
1,11.377170122662315,38.303261765356964,Head,From Free Kick,0,0.1243582
1,4.512205669071396,82.93909975751524,Head,From Free Kick,0,0.4178385
0,26.128337107439503,13.819874375724373,Right Foot,From Kick Off,0,0.02730659
0,25.63298656028984,17.717425995416193,Right Foot,From Throw In,0,0.040524755
0,15.147607071745682,29.5072791026973,Right Foot,Regular Play,0,0.11308218
0,10.135580891098451,38.74671141316951,Head,From Counter,0,0.13429043
0,21.06395024680793,19.37455901319453,Left Foot,From Throw In,0,0.07012748
0,12.961867149450342,21.800109746557034,Left Foot,Regular Play,0,0.08611878
0,9.167878707749137,14.500847093555276,Head,From Corner,1,0.04761149
0,32.351352367404985,12.85555723152207,Left Foot,From Goal Kick,0,0.014617449
1,23.063824487712356,11.822824401400316,Right Foot,Regular Play,0,0.013095795
0,29.50423698386386,15.439348870432847,Right Foot,Regular Play,0,0.02019975
0,24.865236777477108,14.307213246296799,Right Foot,From Free Kick,0,0.028195048
0,35.154089378051026,12.032415398093887,Right Foot,From Corner,0,0.0065055056
0,9.413288479590973,46.0038622826623,Head,From Free Kick,1,0.072652236
0,29.264654448668956,15.482963279466615,Right Foot,Regular Play,0,0.03597725
0,9.441398201537734,26.206721480674066,Left Foot,Regular Play,0,0.16040824
0,14.516542288024379,21.727305937212382,Left Foot,Regular Play,0,0.23560598
0,9.749871794028879,42.639479606719696,Head,From Free Kick,1,0.057190012
0,31.173225691288355,14.27620269853334,Left Foot,From Free Kick,0,0.021768013
0,7.247068372797379,54.50044878395946,Head,From Free Kick,1,0.1132524
0,24.029981273400946,18.879547721742362,Left Foot,From Kick Off,0,0.036565553
0,6.935416353759886,59.82106807091832,Left Foot,From Kick Off,0,0.35328916
0,16.311039206623228,27.39754202937302,Right Foot,From Kick Off,0,0.06952749
0,8.430895563343196,48.565403542790435,Head,From Corner,0,0.08160872
0,25.00179993520467,16.255761595699934,Left Foot,Regular Play,0,0.030001678
0,4.808326112068517,79.04981026314668,Other,Regular Play,0,0.5168786
0,12.870508925446579,33.11192590211127,Left Foot,From Free Kick,0,0.09611784
1,16.38932579455299,21.59698537236271,Left Foot,From Free Kick,0,0.06969889
0,23.558013498595336,18.62035491499375,Left Foot,Regular Play,0,0.04476528
0,11.371895180663605,36.286265173247955,Head,From Free Kick,0,0.08628477
1,11.783462988442746,37.30394827798342,Head,Regular Play,0,0.06371751
0,15.360013020827815,24.10446232190926,Left Foot,From Free Kick,1,0.3934682
1,16.05241414865689,24.551033558930715,Left Foot,From Counter,0,0.15928414
0,20.354115063052973,20.88842849178713,Right Foot,From Throw In,0,0.0683221
1,6.4007812023221,60.86618769639807,Right Foot,Regular Play,0,0.72697556
0,19.35406933954717,22.209068795046566,Right Foot,From Throw In,0,0.056521177
1,12.856126943990555,34.44853562207788,Left Foot,From Free Kick,0,0.15381548
0,13.294359706281456,24.837496657909224,Right Foot,From Free Kick,0,0.07925899
0,3.9623225512317957,90.55090397921849,Right Foot,From Free Kick,0,0.6647709
0,15.088074761214562,25.46649742518791,Left Foot,Regular Play,0,0.061684445
0,19.80101007524616,16.35984212000774,Right Foot,Regular Play,0,0.03203667
0,18.08535318980528,24.59641495998807,Head,Regular Play,1,0.02594082
0,24.200206610688262,16.135180052631814,Right Foot,From Free Kick,0,0.030122569
0,18.420097719610506,19.98879810849196,Right Foot,From Free Kick,0,0.31681746
0,15.001333274079341,29.85809993088228,Head,From Throw In,1,0.03223471
0,18.225805880673693,19.89109746217951,Left Foot,From Free Kick,0,0.042810295
0,29.51694428629088,11.525563848276125,Right Foot,From Free Kick,0,0.011147299
0,9.033825324855464,44.64413016937813,Head,From Corner,1,0.06809473
1,18.13422179196008,22.0000622281806,Left Foot,From Free Kick,0,0.06663833
0,20.255616505058544,22.28630150644137,Left Foot,Regular Play,0,0.04517154
1,14.080127840328718,22.850517656923802,Right Foot,Regular Play,0,0.28060678
0,25.418890613085374,17.34470481448293,Left Foot,From Corner,0,0.032841697
0,22.588713996153032,15.212440838557708,Left Foot,Regular Play,0,0.05181273
0,27.892651361962702,12.891333751212418,Left Foot,Regular Play,0,0.013616442
0,11.601724009818545,32.37731616592869,Right Foot,From Free Kick,0,0.07721693
0,23.69155967850154,16.352841198358572,Left Foot,From Corner,1,0.033247408
0,16.97586522095413,18.977584958796236,Right Foot,From Free Kick,0,0.051439364
0,14.81114445274234,26.00223569462037,Right Foot,From Counter,0,0.24890411
0,13.640014662748722,27.148313595549933,Left Foot,From Throw In,0,0.37209997
0,19.646882704388506,18.416364399469575,Left Foot,Regular Play,0,0.055600196
0,19.260581507316964,20.28475101518397,Right Foot,Regular Play,0,0.046685893
0,17.799999999999997,25.330127530084752,Left Foot,Regular Play,1,0.032042325
0,14.88388390172404,24.484897877287,Left Foot,Regular Play,0,0.076142184
0,13.926952286842942,31.440503701011124,Left Foot,Regular Play,0,0.110446885
0,11.66061747936189,24.707869625653203,Right Foot,Regular Play,0,0.23394231
0,26.24347537960627,16.80732577470371,Left Foot,From Throw In,0,0.038979717
0,10.640488710580925,39.16788554537531,Right Foot,From Goal Kick,0,0.09599891
0,17.86001119820477,10.910073931084991,Right Foot,From Goal Kick,0,0.019605601
0,18.670297265978387,20.205217409478486,Right Foot,From Throw In,0,0.10059545
0,26.658769664033635,12.152928734181515,Left Foot,From Free Kick,0,0.010740947
0,14.778700890132399,22.344960420340275,Right Foot,From Throw In,0,0.09373255
0,22.355536227073593,15.789789287753996,Right Foot,Regular Play,0,0.035615563
0,17.808424972467385,24.933718713344216,Head,From Throw In,0,0.037495814
0,28.908476265621474,11.95768609565743,Right Foot,From Throw In,0,0.010397313
0,20.66034849657672,21.083754582380628,Right Foot,From Corner,0,0.049681988
0,13.88524396616783,25.20112364547505,Left Foot,Regular Play,0,0.17342122
0,18.172781845386243,18.048469256115343,Left Foot,From Throw In,0,0.046983063
1,16.63550420035413,23.68952362080743,Left Foot,From Counter,0,0.11353828
0,19.289893727027117,20.790198865459498,Left Foot,From Throw In,1,0.070518844
0,13.729530217745976,15.796131316110413,Head,From Corner,1,0.020115681
0,25.191466809219342,14.917350285826165,Right Foot,Regular Play,0,0.019515881
0,14.805404418657394,30.228378507832506,Left Foot,Regular Play,0,0.049264465
0,22.571885167172013,20.039392215705174,Right Foot,Regular Play,0,0.048889678
0,23.527430798963152,18.36009089404679,Right Foot,From Counter,0,0.035468098
0,20.46851240320117,12.75263231122903,Right Foot,Regular Play,0,0.03670106
0,6.928924880528005,30.95585911248015,Right Foot,From Counter,0,0.08217044
0,12.088010589009263,11.806968078163,Head,From Corner,0,0.017447446
0,39.30814165029937,0.23980357963513152,Right Foot,From Corner,0,0.00018
0,30.384206423732714,14.060017648932654,Right Foot,Regular Play,0,0.020173745
0,36.168079849502654,12.463717948559777,Right Foot,Regular Play,0,0.0075366697
0,17.341568556506072,22.441744372296235,Left Foot,Regular Play,1,0.119197816
0,12.812884140582872,19.06254084258512,Head,Regular Play,1,0.026318645
0,14.671059948074642,15.271663830958586,Right Foot,Regular Play,0,0.09814694
0,15.877657257920633,25.53677580331812,Left Foot,Regular Play,0,0.4224228
0,24.61320783644424,15.82703200888969,Right Foot,From Free Kick,0,0.06281959
0,9.078546139112808,39.72912240140273,Head,From Corner,0,0.06673048
0,11.494781424629178,16.136791255143187,Right Foot,From Corner,0,0.0399856
0,27.972307734614958,14.119762390140302,Right Foot,Regular Play,0,0.016877638
0,12.54830665866913,35.257010612007065,Left Foot,From Throw In,0,0.11246919
0,32.984845004941285,13.431028870681653,Left Foot,From Free Kick,0,0.021819543
0,24.920072231034965,11.218661552236744,Right Foot,From Free Kick,0,0.009459062
0,16.48059464946578,17.37890943255895,Right Foot,Regular Play,0,0.07986015
1,5.787054518492114,68.32217914749559,Right Foot,Regular Play,0,0.568145
0,16.063934760823706,19.811867549253392,Left Foot,Regular Play,0,0.14253756
0,8.336066218546975,50.80632335558339,Head,From Corner,1,0.098937765
0,26.723959287500797,15.620357912729226,Right Foot,From Corner,0,0.018288644
1,12.906200060436074,34.42656385192519,Right Foot,From Throw In,0,0.07569885
0,34.83001579098121,12.691578077272181,Right Foot,Regular Play,1,0.010592449
0,22.41985726984006,19.79950171548384,Right Foot,Regular Play,0,0.06218912
0,24.712952069714376,15.916635453325092,Right Foot,Regular Play,0,0.03669105
0,24.649746449000247,18.26015627325815,Left Foot,Regular Play,0,0.088970646
0,28.50701668010878,11.742868950899023,Right Foot,From Goal Kick,0,0.011090157
0,20.751144546747295,19.644631575774575,Right Foot,Regular Play,0,0.051727816
0,28.092169727523714,12.032443756343078,Left Foot,Regular Play,0,0.009657804
0,32.07319753314284,11.693597285882174,Right Foot,From Free Kick,1,0.008691933
0,29.124731758421394,15.627562336705731,Right Foot,From Free Kick,1,0.015131147
0,28.111385593741193,16.13580339740809,Right Foot,From Throw In,0,0.029703999
1,12.420144926690675,29.805539103161987,Head,From Throw In,0,0.04459479
0,10.907795377618704,35.84699629113625,Head,From Free Kick,0,0.03948435
0,9.98649087517733,28.573050006347124,Right Foot,From Corner,0,0.07543106
0,22.690967365892536,15.419805939425583,Right Foot,From Counter,0,0.031703874
0,13.682105101189654,26.778840406955098,Right Foot,From Throw In,0,0.21984866
0,15.111915828246259,29.632022902393093,Head,From Free Kick,1,0.040856346
0,20.173497465734588,15.550939602643595,Left Foot,Regular Play,0,0.035070673
0,34.9954282728473,12.248634981343473,Right Foot,From Corner,0,0.0052714557
0,10.547511554864494,37.085835490952356,Right Foot,From Throw In,0,0.23484555
0,12.701574705523724,34.95734361643909,Head,From Throw In,0,0.06400663
0,31.47586376892618,13.299086551090943,Right Foot,From Throw In,0,0.020219443
0,19.961963831246667,20.84050303053489,Right Foot,Regular Play,0,0.058604978
0,19.147062437878038,15.191077298944634,Left Foot,Regular Play,0,0.026706748
0,24.498979570586204,18.476130708898506,Right Foot,Regular Play,0,0.048467197
0,24.742069436488134,18.12965689112309,Right Foot,From Throw In,0,0.039191317
0,10.100000000000007,42.639589039345644,Head,From Throw In,1,0.10262261
0,30.82482765564149,14.592357335278887,Right Foot,From Throw In,0,0.012159805
0,26.071440313108898,14.59303859927433,Right Foot,From Counter,0,0.012915949
0,12.601587201618694,29.74488129694223,Left Foot,Regular Play,0,0.1403044
0,13.797463535012508,24.86217912957876,Left Foot,Regular Play,0,0.09264534
0,19.68171740473884,14.0300720138882,Right Foot,Regular Play,0,0.021421792
0,14.286357128393504,29.124385563372396,Right Foot,From Goal Kick,0,0.21271749
0,16.00312469488381,19.62207203275643,Right Foot,From Free Kick,0,0.16839646
0,33.11223338888514,13.77115831194655,Right Foot,From Free Kick,0,0.021615954
0,24.20950226667206,18.6848316219439,Right Foot,From Free Kick,0,0.02803523
0,20.800961516237653,21.769159568336455,Right Foot,From Corner,0,0.042373266
0,24.05202694161138,16.10401647455581,Left Foot,From Corner,0,0.02889044
0,21.51882896442091,15.88240785370882,Right Foot,Regular Play,0,0.023828069
0,27.252339349127443,16.553958275838504,Left Foot,From Corner,0,0.025696881
0,12.248265183282074,35.8398381718158,Head,From Corner,0,0.035411544
0,13.511846653955192,29.749326304685866,Head,From Free Kick,0,0.03057826
0,14.358969322343443,28.112502533098993,Left Foot,Regular Play,0,0.04522632
0,28.532963393240458,14.714406875646622,Right Foot,From Throw In,0,0.025271386
0,13.354025610279468,33.24303540452609,Head,Regular Play,0,0.042533338
0,6.854195795277516,58.421683677183516,Head,From Corner,0,0.15397952
1,5.215361924162116,63.434948822922046,Right Foot,From Corner,0,0.5894187
1,8.275868534480235,40.98205128305028,Right Foot,From Free Kick,0,0.23427999
0,13.29812016790343,32.88692378043625,Left Foot,From Throw In,0,0.058988493
0,23.724459951703857,15.299879982990392,Right Foot,From Throw In,0,0.04455093
0,22.842942017174586,15.38730855064609,Right Foot,From Free Kick,0,0.03201506
0,16.688319268278637,24.13237959458083,Head,From Throw In,0,0.02928531
0,15.208550226763887,27.650947143069935,Head,From Throw In,0,0.052534856
0,15.498709623707388,20.538400064939513,Head,From Throw In,0,0.052239094
0,16.744252745345186,25.975157449263662,Left Foot,From Goal Kick,1,0.05187739
0,11.423659658795858,37.795218377964375,Right Foot,From Throw In,0,0.323128
0,35.04069063246328,11.311296302053362,Right Foot,From Throw In,0,0.007071261
0,10.007996802557443,43.54837084739169,Head,From Corner,1,0.054689027
0,17.00176461429813,25.799598338495123,Head,From Free Kick,0,0.046385217
0,10.462313319720453,36.039036202802,Other,From Corner,0,0.046898182
0,18.777113729218346,23.96375251992205,Right Foot,From Free Kick,0,0.052523207
0,32.078185734233784,13.114227714435884,Right Foot,Regular Play,0,0.014167523
0,15.356106277308715,25.99821006996438,Right Foot,From Throw In,0,0.03804607
0,29.187154708878357,13.715008277094348,Left Foot,From Goal Kick,0,0.023162797
0,26.675082005497185,17.01099538572155,Left Foot,From Throw In,0,0.036145955
0,22.655021518418387,17.334011796086294,Right Foot,Regular Play,0,0.028178101
0,9.504735661763561,45.63261360272504,Head,Regular Play,0,0.06689449
0,29.887288267756908,12.494917367244826,Right Foot,Regular Play,0,0.012294213
0,26.419689627245816,17.083835839359,Left Foot,From Goal Kick,0,0.0335565
0,28.40598528479517,14.245711708397241,Left Foot,From Throw In,0,0.023029828
0,13.852075656738238,30.98099986930976,Head,From Free Kick,0,0.0989785
0,7.324616030891992,57.19045696445907,Head,From Corner,0,0.117904566
0,21.82475658512599,14.0503003320981,Left Foot,From Free Kick,0,0.019215545
0,31.749330701606926,10.909303439897585,Left Foot,Regular Play,0,0.008206696
0,13.301503674397114,33.470964274645745,Head,From Free Kick,0,0.043849364
0,22.717834403833475,16.989950075944392,Right Foot,Regular Play,0,0.027014187
0,14.261135999632005,25.754618023107973,Left Foot,Regular Play,0,0.06053267
0,26.035360569809665,15.536612101714836,Right Foot,Regular Play,0,0.03503226
0,18.384776310850235,23.856740741647364,Right Foot,From Free Kick,0,0.060545366
1,7.406078584514215,56.72511201516505,Head,From Free Kick,1,0.20030825
0,25.323704310388713,8.72839670643406,Right Foot,From Throw In,0,0.0067060287
0,18.478365728602736,16.95167889165995,Left Foot,From Counter,0,0.082217455
0,26.929537686339877,16.70220893333452,Right Foot,Regular Play,0,0.032880384
0,11.299999999999997,38.986123822302005,Head,From Goal Kick,0,0.10594022
0,14.780054127099806,22.147015111255666,Head,Regular Play,1,0.026895314
0,19.525624189766635,22.59479874238619,Right Foot,From Throw In,1,0.057325892
0,10.993179703798173,37.89200388413941,Right Foot,From Free Kick,0,0.10927713
0,24.827605603440702,13.486854271300958,Left Foot,Regular Play,0,0.025960794
0,22.780035118497956,16.14591550451064,Right Foot,From Free Kick,1,0.05699573
0,19.799494943053478,21.905368724786754,Right Foot,Regular Play,0,0.39109123
0,7.420242583635663,50.39080238834251,Head,From Throw In,1,0.14926605
0,30.54734030975528,13.866487845045905,Left Foot,From Throw In,0,0.021919996
0,27.15326867984773,16.729118420060182,Left Foot,From Throw In,0,0.02182735
0,18.432851108821993,24.448621135919964,Right Foot,From Keeper,0,0.3665275
0,15.7419820861288,13.581145396894554,Right Foot,From Goal Kick,0,0.047937077
0,24.575190741884388,17.87357127602704,Right Foot,From Free Kick,0,0.073429175
0,27.30293024567143,16.667892533173926,Left Foot,Regular Play,0,0.01981399
0,16.648123017325407,26.110444186408365,Right Foot,From Free Kick,0,0.0489465
0,6.9202601107183845,46.49570203386976,Head,Regular Play,0,0.30787364
0,32.36309626719916,13.268136678840499,Left Foot,From Free Kick,0,0.016814427
0,13.606248564538282,31.97949252565714,Right Foot,From Corner,0,0.06430086
0,36.5759483814159,12.092980904295429,Left Foot,From Free Kick,0,0.0066389865
0,18.73606148580859,23.258005403702427,Left Foot,From Free Kick,0,0.062194254
0,17.54137964927503,20.86752565545099,Right Foot,From Free Kick,0,0.04950449
0,28.886155853626487,14.83708205442127,Left Foot,From Free Kick,0,0.015146091
0,11.374093370462552,34.938054045791695,Head,Regular Play,0,0.10154356
0,34.52086325687699,13.211288943377642,Left Foot,Regular Play,0,0.018109906
0,27.054204848784597,10.941172217404882,Right Foot,Regular Play,0,0.0068189544
1,3.3060550509633053,100.87103707911614,Left Foot,From Corner,0,0.28809994
0,7.907591289387689,35.8336064516592,Right Foot,From Free Kick,0,0.21450256
1,33.3253657144224,13.678760100951223,Left Foot,From Free Kick,0,0.024289701
0,13.446189051177289,14.167055522631196,Head,From Throw In,0,0.030311959
0,8.0,53.13010235415599,Head,From Corner,1,0.09122391
0,12.034118164618468,34.09460255551732,Head,From Free Kick,0,0.037819926
0,24.12343259156955,17.64352153273813,Right Foot,From Counter,0,0.05300886
0,23.64571842850202,15.321510074864756,Left Foot,From Keeper,0,0.013105479
0,12.30650234632083,33.484584439783696,Left Foot,From Free Kick,0,0.22500646
0,32.703822406562814,13.944841891725465,Left Foot,From Free Kick,0,0.027150616
0,20.752349264601346,20.61689380860448,Right Foot,From Free Kick,0,0.08600338
0,11.365298060323799,36.84477787083832,Right Foot,From Counter,0,0.26870292
0,34.3144284521832,13.255036618484072,Right Foot,Regular Play,0,0.013687578
0,30.80146100430952,14.797823994471326,Right Foot,From Throw In,0,0.019886926
0,19.924858845171276,21.7495346435655,Left Foot,From Free Kick,0,0.057560198
0,21.358838919754046,21.070647107039264,Right Foot,From Counter,0,0.06664524
0,28.313424377845923,15.426835043770916,Right Foot,From Free Kick,0,0.05359905
0,21.5522620622523,17.892879181106803,Right Foot,From Free Kick,0,0.06253588
1,10.480935072788112,37.8009444719679,Right Foot,Regular Play,0,0.51574713
0,19.343732835210474,23.31933647514063,Left Foot,From Throw In,0,0.061495427
0,21.12557691519926,21.327381771725964,Right Foot,Regular Play,0,0.050872557
0,25.70486335306998,17.686870427049648,Left Foot,Regular Play,0,0.034158513
0,16.447796204963144,14.621057259178768,Left Foot,Regular Play,0,0.053250678
0,17.759786034747155,19.15465979106736,Right Foot,From Throw In,0,0.05141401
0,14.52790418470606,30.040090944866954,Right Foot,From Corner,0,0.06557972
0,11.99708297879114,29.912447536602432,Right Foot,Regular Play,0,0.1493578
0,24.467529503405117,13.212892752638568,Left Foot,Regular Play,0,0.024708062
0,39.202040763205176,0.12055906355480453,Left Foot,From Corner,0,0.00018
0,28.40158446284292,16.03245476638528,Right Foot,From Corner,0,0.024548035
0,15.681836627130123,18.470825950050802,Left Foot,Regular Play,0,0.19083758
0,21.88058500132023,16.922980279348742,Right Foot,Regular Play,0,0.03720347
0,7.805767098754609,54.24490333086379,Other,Regular Play,0,0.3152717
0,22.70352395554487,12.026188680458548,Left Foot,Regular Play,0,0.010134568
1,15.520631430454111,26.474280410754986,Right Foot,From Kick Off,0,0.107545994
0,11.73413822996815,36.36410998862021,Head,From Free Kick,1,0.04381306
0,25.35389516425435,13.561677470303252,Left Foot,From Free Kick,0,0.026707038
0,18.33575741549828,19.533578874877897,Left Foot,Regular Play,0,0.06119443
0,15.06154042586614,21.909086193251134,Left Foot,Regular Play,1,0.058334265
0,12.391125856838027,35.58100073114955,Left Foot,Regular Play,0,0.15200824
0,15.231546211727817,27.407575437818405,Left Foot,From Throw In,0,0.13009955
0,19.04337155022713,16.457078126084888,Left Foot,From Counter,0,0.023947677
1,15.435349040433131,26.74522599044621,Right Foot,From Free Kick,0,0.10054177
0,14.36175476743702,29.581162809330834,Left Foot,Regular Play,0,0.13232325
0,18.760863519571807,18.313610621633227,Right Foot,From Throw In,0,0.18145993
0,16.161683080669537,19.077439165672804,Right Foot,From Free Kick,0,0.17955275
0,15.338839591051206,23.291869079629357,Left Foot,From Throw In,0,0.22421487
0,12.478781991845203,35.37442467622876,Left Foot,From Free Kick,1,0.0988946
0,7.317103251970684,57.266757207354814,Head,From Corner,1,0.13799548
0,27.917736297916413,16.131581275036194,Right Foot,From Free Kick,0,0.05948228
0,32.07553584899245,12.125196239239447,Right Foot,From Throw In,0,0.0077116457
0,26.692508312258703,16.92937892088756,Right Foot,From Free Kick,0,0.040303126
0,25.271525478292762,17.940781344693452,Left Foot,From Free Kick,0,0.067327775
1,25.234302050978144,17.92479877970706,Left Foot,From Goal Kick,0,0.033919714
0,20.66131651178114,19.808701944297045,Right Foot,From Throw In,0,0.050896797
1,21.865269264292174,13.155069206746376,Right Foot,From Corner,0,0.035064373
0,20.41200627082013,17.613815112298163,Left Foot,Regular Play,0,0.06137733
1,15.229576487873851,17.86474119024901,Left Foot,From Throw In,0,0.10102074
0,18.873261509341724,23.624076492745132,Right Foot,From Free Kick,0,0.032515083
0,20.81657993043045,20.303012508058586,Right Foot,Regular Play,0,0.072023906
0,33.36240399012038,13.4516757982457,Left Foot,From Free Kick,0,0.023890225
1,5.700000000000003,70.11885393377392,Head,From Corner,1,0.12779379
0,5.72800139664787,62.864860377923165,Head,From Throw In,0,0.2948616
0,24.324884377936925,15.605693777420266,Right Foot,From Throw In,0,0.024413843
0,14.135416513141733,28.54796100490712,Left Foot,Regular Play,0,0.31703457
0,28.30194339616981,13.743920598697912,Left Foot,From Corner,0,0.021823613
0,7.441102068914249,48.69116731112025,Head,From Corner,1,0.09938955
1,6.082762530298221,57.99461679191651,Left Foot,Regular Play,0,0.5086819
0,21.382469455140114,16.65598730503699,Left Foot,From Counter,1,0.043932665
0,10.198039027185573,39.90788487550103,Head,From Corner,1,0.05800441
1,11.85622199522259,30.30245808966239,Left Foot,From Free Kick,1,0.35848966
1,4.780167361086849,56.62894799424704,Right Foot,From Corner,0,0.6688656
0,30.10149497948565,9.340149872629805,Left Foot,From Throw In,0,0.007870479
1,9.40212741883453,39.27216467839459,Right Foot,From Goal Kick,1,0.46699882
0,22.786180022109892,19.682309900668784,Right Foot,From Throw In,0,0.04188712
0,31.483646548644895,14.312110722403078,Right Foot,From Free Kick,0,0.028790973
0,17.917868176767016,25.14682730353593,Right Foot,Regular Play,1,0.032889098
0,8.745856161634489,41.96574948211036,Head,From Corner,1,0.0836758
0,20.498048687619022,12.931341579945006,Right Foot,Regular Play,0,0.032096077
1,23.661994844053197,12.441999538664676,Right Foot,From Free Kick,1,0.010257767
0,12.149485585818026,36.10805303809493,Head,From Corner,0,0.03750256
0,8.450443775329198,43.1816124492771,Other,From Corner,0,0.08366814
0,11.715374513859988,36.94920232560935,Right Foot,Regular Play,0,0.05336251
0,4.3289721643826695,85.44593908714997,Right Foot,Regular Play,0,0.629174
0,13.23064624271997,19.90786778298905,Left Foot,From Free Kick,0,0.0358749
1,12.56025477448607,34.98333901991097,Left Foot,From Goal Kick,0,0.13174866
0,10.024470060806207,43.43641446672429,Right Foot,From Goal Kick,0,0.18422936
1,18.999473676920637,20.005506538812888,Right Foot,Regular Play,1,0.20664306
0,27.620282402611313,16.243235444110944,Left Foot,Regular Play,0,0.018660808
0,18.18928255869373,17.35557888375207,Right Foot,Regular Play,0,0.03518777
0,32.19720484762613,13.019295259133694,Right Foot,From Goal Kick,0,0.015214441
1,9.889893831583837,41.350618919853176,Left Foot,Regular Play,1,0.21738943
0,31.232034836046143,14.492831982786639,Right Foot,From Free Kick,0,0.013223637
0,33.68753478662397,12.965628242391762,Right Foot,From Free Kick,0,0.021199826
0,8.429116205154614,50.67578827025046,Head,Regular Play,0,0.107544675
0,26.39412813487121,15.315288737782181,Left Foot,From Throw In,0,0.027956013
0,26.953663943887115,16.85078872616557,Right Foot,From Free Kick,0,0.032847784
0,6.296824596572465,36.65610841596695,Right Foot,From Goal Kick,1,0.1459426
0,29.867875719575373,13.355799719273513,Right Foot,From Free Kick,0,0.03296228
0,13.277424449041312,14.011850116797714,Head,From Corner,1,0.014029023
0,27.07803537925158,16.70173605586448,Right Foot,From Throw In,0,0.027808638
0,21.30375553746334,13.460588725608227,Right Foot,From Throw In,0,0.034139045
1,7.7491935064237465,52.97344989552272,Right Foot,From Counter,0,0.36172354
0,26.931765630942213,15.386538957487966,Right Foot,Regular Play,0,0.027667157
0,9.700000000000001,33.65957933802652,Head,From Corner,0,0.0684051
0,27.822652641328066,15.959369750674215,Right Foot,From Throw In,0,0.026162526
0,5.830951894845297,14.931417178137432,Right Foot,From Throw In,0,0.07864248
0,35.32760959929217,12.803864058475916,Right Foot,Regular Play,0,0.014370957
0,12.30040649734796,23.346641293992523,Left Foot,Regular Play,1,0.10581502
0,27.6115917686757,13.034975399596961,Right Foot,From Free Kick,0,0.021008598
0,7.300684899377589,57.43368475363673,Head,From Free Kick,1,0.09374543
1,8.605230967266365,42.71758765799059,Right Foot,From Throw In,0,0.33366448
0,37.90118731649446,11.987009679572017,Left Foot,From Free Kick,0,0.00752127
0,38.97858386344994,10.31470664591045,Left Foot,From Throw In,0,0.0058680973
0,21.71658352503911,11.898544719054156,Right Foot,Regular Play,0,0.011610668
0,14.536161804272824,27.85277103462502,Right Foot,From Free Kick,0,0.14140838
0,24.436857408431223,18.282198331133433,Left Foot,From Throw In,0,0.044770177
0,20.500000000000004,17.980923539571922,Left Foot,From Corner,0,0.049129687
0,30.89886729315494,14.661514536606514,Left Foot,Regular Play,0,0.02342664
0,19.799999999999997,22.842372549998597,Left Foot,Regular Play,0,0.022691524
0,9.865596788841517,43.65554626746644,Head,Regular Play,0,0.21537142
1,27.721832551258224,16.296745379067737,Right Foot,Regular Play,0,0.027870113
0,25.65618833731932,15.325147648077834,Left Foot,From Free Kick,0,0.05589417
0,13.776792079435623,16.414524476012733,Right Foot,From Throw In,0,0.07522586
0,5.0774009099144415,65.640038972313,Head,From Throw In,1,0.21807538
0,28.901557051480808,12.81726269166913,Right Foot,From Throw In,0,0.018916143
0,14.029255147726122,28.161880570992146,Left Foot,From Free Kick,0,0.06798863
0,20.52340127756606,20.462549396857362,Right Foot,From Corner,0,0.046397094
0,9.86154146165801,20.513529470867383,Head,From Corner,1,0.048588943
0,25.02338905903835,13.917535080292286,Right Foot,From Free Kick,0,0.017202334
0,24.608941464435244,18.318256968965528,Left Foot,From Kick Off,0,0.06667264
0,18.43908891458577,22.529398002936873,Right Foot,Regular Play,1,0.07073746
0,24.71214276423637,15.417468488814286,Left Foot,From Keeper,0,0.030820057
0,25.04495957273639,15.298336255027644,Left Foot,Regular Play,0,0.029508974
0,11.992080720208655,34.304261164429185,Head,From Free Kick,0,0.07199757
0,21.66679487141557,11.566056898297912,Left Foot,Regular Play,0,0.006951497
0,9.970456358662823,34.25382607010934,Head,Regular Play,1,0.075690374
0,8.71435597161374,49.26474210726159,Left Foot,Regular Play,0,0.20829616
1,6.407027391856538,59.425326012360806,Head,From Corner,1,0.14665264
0,30.86000648088072,14.605827501298108,Right Foot,Regular Play,0,0.024138648
0,23.2606964642076,18.922635711743816,Right Foot,From Free Kick,0,0.07922588
0,13.621306838919677,28.486240854470513,Left Foot,From Throw In,1,0.09459595
1,9.525754563287887,24.714830268194902,Left Foot,From Throw In,0,0.0979349
0,28.119210515233178,14.19814366325271,Right Foot,Regular Play,0,0.01924696
0,19.952944644838762,15.89310067062902,Right Foot,Regular Play,0,0.06111174
0,19.68247951859724,17.457617652555136,Left Foot,From Goal Kick,0,0.09802507
0,28.05316381444346,14.375315315339407,Right Foot,From Throw In,0,0.020597277
0,25.02818411311536,17.46058717665713,Right Foot,Regular Play,0,0.040336993
0,9.266067126888295,42.84805948955358,Head,From Corner,1,0.060999498
0,16.992351220475644,24.726630237284883,Left Foot,From Corner,0,0.061363008
0,12.31665539016173,26.073181198571525,Right Foot,From Counter,0,0.15100354
0,14.418391033676402,30.62578034922602,Left Foot,From Counter,0,0.2635025
0,10.1044544632553,30.343248884239582,Right Foot,From Corner,0,0.07554505
0,14.179210133149164,28.958560837764164,Right Foot,From Corner,0,0.06408756
0,23.46763729053268,19.217897714192343,Right Foot,From Corner,0,0.035300843
0,28.077749197540747,15.072425399411445,Right Foot,From Throw In,1,0.01766911
0,11.315917991926243,36.06384137573196,Right Foot,From Throw In,0,0.24936919
0,27.789386463180506,16.22019369560277,Right Foot,From Throw In,0,0.020691318
0,7.7781745930520225,44.676298475079776,Head,From Free Kick,1,0.115658596
0,15.226621424334423,17.29279183631318,Left Foot,Regular Play,0,0.040043775
0,16.36704005005181,22.123846475311364,Right Foot,From Goal Kick,1,0.033641826
1,5.8137767414994554,63.17510579931007,Right Foot,From Goal Kick,0,0.8521293
0,12.938701635017331,34.278069504745964,Head,From Throw In,1,0.024939176
0,14.900335566691103,26.961915990685714,Right Foot,From Throw In,0,0.05950738
0,18.874321179846444,21.78747173365373,Right Foot,From Throw In,0,0.06379096
0,23.315445524372898,18.36944114293896,Left Foot,From Corner,0,0.03807111
0,12.293087488503453,34.01760210149528,Right Foot,From Corner,0,0.067406826
0,4.8548944375753385,77.00410744536386,Other,From Corner,0,0.50624365
0,28.60209782515961,11.939338302196756,Right Foot,From Free Kick,0,0.008460451
0,8.430895563343196,48.565403542790435,Right Foot,From Throw In,0,0.19016835
0,24.27447218787671,15.96519516737417,Right Foot,Regular Play,0,0.026674595
0,17.77751388693031,24.383498603549747,Right Foot,Regular Play,0,0.06970771
0,19.79520143873257,15.240283759182887,Right Foot,Regular Play,0,0.025347186
0,25.55386467836127,16.509261231402647,Right Foot,Regular Play,0,0.030699778
0,27.2237029075767,11.959840450990963,Right Foot,Regular Play,0,0.012010745
0,29.74306641891518,9.97655743225223,Right Foot,From Free Kick,0,0.008240742
0,8.220097323024826,51.4860564499102,Head,From Corner,1,0.11005159
0,13.257450735341244,20.33248071638731,Left Foot,From Goal Kick,0,0.16692519
0,32.8671568590896,13.076569764483185,Right Foot,From Free Kick,0,0.026057322
0,10.040418317978594,38.39187584093762,Left Foot,From Throw In,0,0.26807922
0,23.100865784641055,16.037451318424562,Right Foot,From Corner,0,0.04353941
0,25.54858117391257,13.290063208121841,Left Foot,From Free Kick,0,0.030721588
0,13.192801067248762,16.627711882823363,Left Foot,Regular Play,0,0.12963046
0,17.000000000000007,24.28880217838126,Left Foot,From Throw In,0,0.092192985
0,10.647065323364927,41.05567734850943,Head,Regular Play,1,0.067200735
0,19.25201288177421,16.34404583866257,Right Foot,From Throw In,0,0.026884926
0,20.205444810743465,19.641794206144517,Right Foot,Regular Play,0,0.04975106
0,16.743058263053374,24.846851439908082,Left Foot,Regular Play,0,0.06132018
0,30.453242848668847,12.568739713033212,Left Foot,From Free Kick,0,0.013999131
0,11.780067911519012,24.82779749378572,Head,From Corner,0,0.057022728
0,12.856126943990555,34.44853562207788,Right Foot,From Free Kick,0,0.113875866
0,17.511424842085233,24.163368986131946,Right Foot,Regular Play,0,0.12467693
0,28.92006224059692,12.694791357644625,Right Foot,From Throw In,0,0.0154907415
1,8.005623023850175,30.209745575203666,Right Foot,From Throw In,0,0.4674385
1,16.85823241030921,26.616299624513864,Left Foot,Regular Play,0,0.09977819
0,32.20636583037583,12.58522894105017,Left Foot,From Free Kick,0,0.01192189
0,10.816653826391969,25.41928833890289,Left Foot,From Free Kick,0,0.10135116
0,29.39064477006246,14.090136497767134,Right Foot,From Free Kick,0,0.041958537
0,15.811388300841896,9.70039194394576,Left Foot,Regular Play,0,0.025564773
0,30.686316168611697,14.813464118804648,Left Foot,From Throw In,0,0.023416335
0,7.741446893184761,51.07785026643996,Head,From Free Kick,0,0.25141555
0,29.099828178186893,5.390859444025338,Right Foot,From Free Kick,0,0.0073576192
0,24.403483357914293,17.470759686048364,Right Foot,Regular Play,0,0.031760626
0,10.965856099730654,5.261319786102812,Right Foot,From Corner,0,0.017266534
0,9.43398113205661,45.850482165738754,Right Foot,From Free Kick,0,0.119254045
0,12.054044964243333,16.214250997667296,Head,From Free Kick,0,0.049165204
0,12.358397954427586,35.7413007206819,Head,From Corner,0,0.04145577
0,13.396268137059666,20.156281466234898,Left Foot,From Throw In,0,0.077706024
0,40.672472263190485,11.079392256567633,Right Foot,Regular Play,0,0.0056476467
0,12.509996003196802,30.390636861297384,Left Foot,From Goal Kick,1,0.1301347
0,23.76930794112441,16.017600180254068,Right Foot,From Corner,0,0.024551911
0,60.400745028517655,7.57759417514353,Right Foot,From Kick Off,0,0.004195439
0,18.792817777012583,22.433190718964493,Left Foot,Regular Play,0,0.0709334
0,16.30490723677998,26.688750492870035,Head,Regular Play,0,0.039505202
0,8.39344982709732,17.91250938596329,Right Foot,From Corner,0,0.10407615
0,7.496665925596531,55.82137565258663,Head,From Corner,1,0.11361285
0,11.484337159801605,12.833110737386013,Right Foot,From Goal Kick,0,0.05943511
0,5.756735185849703,68.7168251337602,Left Foot,From Goal Kick,1,0.17775308
0,19.239802493788762,23.11829649340077,Left Foot,From Free Kick,0,0.061746918
0,12.658988901172165,18.11859863476682,Right Foot,Regular Play,0,0.08994952
1,7.7935871073594845,49.29180360720485,Left Foot,From Corner,1,0.45874894
0,25.357050301641944,17.890977859347572,Right Foot,From Counter,0,0.03904812
0,21.12865353021816,20.297986829751274,Right Foot,From Throw In,0,0.02993381
0,22.033610689126736,20.378763936891406,Right Foot,Regular Play,0,0.041140273
1,15.192432326655267,27.53713066339404,Head,Regular Play,0,0.02684295
0,28.66653100743094,14.260719932032888,Right Foot,From Throw In,0,0.019910807
0,30.060106453570654,15.130347932158688,Right Foot,Regular Play,1,0.020528734
0,22.506221362103418,19.90316198580158,Right Foot,Regular Play,0,0.052081473
0,19.94617757867406,22.324644068536006,Left Foot,Regular Play,0,0.056113943
0,25.316002844051035,16.87824569092885,Right Foot,Regular Play,0,0.031055314
0,25.835827836552866,16.74385215423587,Left Foot,Regular Play,0,0.018378427
0,26.60169167553071,13.715160921546193,Right Foot,Regular Play,0,0.018472007
0,11.673045875006233,34.93378369526167,Head,Regular Play,0,0.10111922
0,13.285330255586423,31.925092089798884,Head,From Free Kick,0,0.035465226
0,23.911712611187017,17.496848514002448,Left Foot,From Throw In,0,0.030077945
0,9.904039579888602,42.793922137410746,Head,From Throw In,1,0.052599985
0,10.754068997360953,23.43756686987584,Head,From Corner,0,0.0608747
0,14.094325099131206,29.27651998682966,Right Foot,From Throw In,0,0.07439702
0,26.376125568399925,16.334302963223035,Left Foot,From Throw In,0,0.015196718
0,20.909328061896204,20.990095851722877,Right Foot,From Throw In,0,0.054134306
0,24.4724334711528,18.443794859521944,Right Foot,From Throw In,0,0.02615668
0,17.402586014727817,25.885956401484464,Right Foot,From Throw In,0,0.03667642
0,10.541821474489126,31.19436980524198,Head,From Throw In,1,0.047236525
0,24.214252001662164,10.48985817347487,Right Foot,From Throw In,0,0.009676031
0,21.378493866500516,20.123171300558138,Right Foot,From Throw In,0,0.06501122
0,9.749358953285084,41.362479125759336,Right Foot,From Free Kick,0,0.083826184
1,14.213022197970425,23.27178603929713,Right Foot,From Free Kick,0,0.13057186
0,31.9399436442834,13.269012113072424,Right Foot,Regular Play,0,0.016991004
0,29.014651471282573,15.330526760745727,Left Foot,From Corner,0,0.026666574
0,37.95115281516491,11.832771823555785,Right Foot,From Corner,0,0.0058221314
1,9.868130522039113,42.43447665229374,Left Foot,From Corner,0,0.5379008
0,26.95514793133215,15.898953059137531,Left Foot,Regular Play,0,0.02589997
0,9.226592003551474,4.631235136758555,Right Foot,From Goal Kick,0,0.017834108
0,26.593232221751464,16.99082329198616,Right Foot,From Throw In,0,0.029429397
1,11.092339699089637,36.77385595979281,Right Foot,From Throw In,1,0.08633457
0,12.191800523302538,25.75772967985698,Left Foot,Regular Play,0,0.2577265
0,15.121177202850316,20.04798065716235,Right Foot,From Counter,0,0.2681848
0,8.902246907382422,47.40669846571703,Other,From Counter,1,0.26870713
0,19.580091930325562,18.87454975820335,Left Foot,From Kick Off,0,0.04634087
0,19.039432764659775,18.74690098278328,Right Foot,Regular Play,0,0.1490943
0,14.301048912579802,22.165187325216404,Left Foot,From Throw In,0,0.080992505
0,16.32176461048253,17.051261855553538,Right Foot,From Throw In,1,0.05640157
0,29.614185789921695,15.080419808531119,Left Foot,From Free Kick,0,0.04321825
0,12.343824366864594,17.577431932372484,Right Foot,Regular Play,0,0.16284284
0,17.638877515306923,19.687637247268555,Right Foot,Regular Play,0,0.04724954
1,26.300760445279902,17.294863140874334,Left Foot,From Free Kick,0,0.023081098
0,15.837297749300546,16.867879150880114,Right Foot,From Free Kick,0,0.027839905
0,4.026164427839484,89.6143611536949,Head,From Corner,0,0.34439024
0,15.341773039645709,14.516415847262282,Right Foot,From Goal Kick,0,0.058088522
0,32.18338080438411,13.922892177072963,Right Foot,From Throw In,0,0.027316706
0,5.700000000000003,70.11885393377392,Head,From Corner,1,0.1462742
0,12.459534501738013,12.942915580022753,Right Foot,From Corner,0,0.040392082
0,33.46117152760794,13.13804303981363,Right Foot,From Free Kick,0,0.017185243
0,21.8524598157736,19.82625874072837,Left Foot,From Free Kick,0,0.07651916
0,27.69729228643118,16.324682110081724,Left Foot,Regular Play,0,0.03323787
0,30.157254516948324,12.861627999714814,Right Foot,From Goal Kick,0,0.01624438
0,18.55640051303054,14.35032235598249,Right Foot,Regular Play,0,0.043646414
0,28.54119829299394,14.167841316670925,Right Foot,From Free Kick,0,0.042642463
0,26.44333564435471,13.750774478496753,Right Foot,Regular Play,0,0.023505978
0,17.328012003689288,13.453339977720537,Left Foot,From Goal Kick,0,0.047962468
0,15.469001260585634,27.93486691339924,Left Foot,From Corner,0,0.046657436
0,13.495184326269877,32.83482618722516,Right Foot,From Throw In,0,0.13905574
0,9.442986815621417,43.23692664668321,Left Foot,From Throw In,0,0.2098723
0,12.044085685513869,20.08854608266547,Right Foot,From Throw In,0,0.07224382
1,16.3294213002176,24.68374940637373,Left Foot,From Throw In,0,0.28635955
0,16.196604582442585,19.988335551022573,Right Foot,From Throw In,0,0.03898995
0,26.64301034042512,8.589105430391559,Left Foot,From Free Kick,0,0.008752431
0,22.051077071199945,20.519317160823743,Right Foot,From Free Kick,0,0.032634486
0,22.380571931923456,16.540080658965387,Right Foot,From Throw In,0,0.02943752
0,16.84428686528462,16.321736904077117,Right Foot,Regular Play,0,0.054253228
0,7.992496481075233,35.05942696688702,Left Foot,Regular Play,1,0.12365263
0,10.0,29.744881296942214,Head,From Free Kick,1,0.041239407
1,19.0,19.415707625162167,Right Foot,Regular Play,0,0.08738103
0,16.387800340497197,25.414011094139084,Right Foot,From Free Kick,0,0.069959894
1,20.23561217260303,15.672703974411254,Right Foot,Regular Play,0,0.042708755
0,16.82408987137195,23.334395962588545,Right Foot,From Kick Off,1,0.061160102
0,7.0,59.48976259388444,Head,Regular Play,1,0.10443308
0,13.871553626036276,30.326254908927588,Left Foot,From Throw In,0,0.3196895
1,15.546703830716009,28.156747310524153,Right Foot,Regular Play,0,0.16183718
0,18.902909828912588,21.02626147135777,Left Foot,Regular Play,0,0.07337185
0,26.107853224652544,9.484375579872061,Right Foot,From Free Kick,0,0.008920797
0,26.13694702906213,15.0993445909409,Right Foot,Regular Play,0,0.028368456
0,16.04618334682737,26.11916379693775,Right Foot,Regular Play,0,0.07418261
1,12.49039631076613,35.31836598883536,Right Foot,From Throw In,0,0.2502288
0,11.448143954370948,37.15723138057932,Head,From Corner,1,0.03899759
0,4.545327270945403,80.55095145778884,Left Foot,From Corner,0,0.2582279
0,11.981652640600121,36.03591877619417,Head,From Corner,1,0.06857926
0,25.770137756713673,13.266140398088432,Left Foot,From Free Kick,0,0.01609117
0,25.0569351677335,15.770855711849862,Right Foot,From Throw In,0,0.040512722
0,18.585209172888,23.495385555806067,Left Foot,Regular Play,0,0.053084504
0,22.68237200999931,17.79503694647408,Left Foot,Regular Play,0,0.053106464
0,22.515772249692,19.223897330901075,Right Foot,Regular Play,0,0.046333984
0,23.61800160894228,17.149978123989897,Left Foot,Regular Play,0,0.04334448
0,8.30240928887513,51.10133686356506,Head,From Corner,1,0.08036702
0,25.59472601924076,17.70328416172676,Left Foot,Regular Play,0,0.04472613
0,8.886506625215564,41.23806137560049,Head,Regular Play,0,0.27671057
0,23.30708046924796,17.753504012940194,Left Foot,Regular Play,0,0.042619057
0,16.321764610482532,8.718649285311871,Right Foot,Regular Play,0,0.046546377
1,7.1449282711585065,48.19906191027379,Right Foot,From Corner,0,0.3636808
0,12.731457104353767,29.898386032173157,Right Foot,Regular Play,0,0.25042096
0,25.225780463644725,14.80855564933178,Left Foot,From Goal Kick,0,0.031073315
1,7.7935871073594845,49.29180360720485,Left Foot,From Keeper,0,0.23592436
0,13.146862743635834,33.14030555082428,Right Foot,From Corner,0,0.05674074
0,20.385534086699817,18.69395520046496,Left Foot,Regular Play,0,0.043403003
0,16.638810053606594,26.27879486029923,Right Foot,From Throw In,0,0.054460905
0,8.702298546935749,49.36414819422018,Head,From Throw In,1,0.072495155
0,24.981593223811807,16.00312262087202,Left Foot,Regular Play,0,0.039672486
0,17.839843048636943,21.784412621457744,Right Foot,From Throw In,0,0.048683427
0,32.33960420289649,12.780096923599645,Right Foot,From Free Kick,0,0.014580331
0,10.989540481748993,38.98643148747766,Head,From Corner,0,0.050594334
0,21.06679852279411,19.56001965674188,Right Foot,Regular Play,0,0.033737455
0,29.181500989496755,12.941119347600186,Right Foot,From Free Kick,0,0.026755862
0,29.35574901105403,14.631463237600991,Right Foot,Regular Play,0,0.015326656
0,13.263860674780931,33.436338905848494,Right Foot,From Throw In,0,0.49410823
0,25.660280590827526,14.387187776047597,Left Foot,From Keeper,0,0.029249214
0,29.560108254199616,14.834924718316323,Right Foot,From Keeper,0,0.022321237
0,15.646405337968202,22.07632714736885,Right Foot,From Goal Kick,0,0.07433986
0,27.795863001533167,15.877161301837527,Right Foot,From Throw In,0,0.028039778
0,17.68671818060094,18.06236842903408,Left Foot,Other,0,0.036293734
1,32.703516630478745,8.890613062470567,Right Foot,Regular Play,0,0.0077694156
0,40.851193373021545,9.642000903090592,Right Foot,Regular Play,1,0.007159395
0,17.102631376487064,26.324174427767627,Right Foot,Regular Play,0,0.07401822
0,27.43720102342803,16.453512794420075,Right Foot,Regular Play,0,0.03092143
0,13.418271125595881,30.127059816778644,Head,From Throw In,1,0.041303303
0,21.044714300745447,21.296090162251428,Right Foot,From Throw In,0,0.047642853
0,7.440430095095313,41.80655072671671,Left Foot,From Free Kick,0,0.088375136
0,14.645477117526765,23.32841009649292,Right Foot,Regular Play,0,0.2560759
0,26.322993750711568,16.273530214969675,Right Foot,Regular Play,0,0.026902085
0,32.116818024206566,14.064251809478822,Right Foot,From Free Kick,0,0.019629322
0,10.261091559868277,11.643953778622638,Right Foot,From Throw In,0,0.032710962
0,20.033971149025852,21.936632601918177,Right Foot,Regular Play,0,0.100704454
0,23.94702486740263,15.633782762921646,Right Foot,Regular Play,0,0.032144632
0,28.748043411682826,13.006233469814367,Right Foot,Regular Play,0,0.021667236
0,23.903974564912843,13.914813123470331,Left Foot,Regular Play,0,0.028963488
0,18.35211159512714,23.21583269775397,Left Foot,Regular Play,0,0.068952255
0,33.51074454559314,12.39095765678749,Right Foot,From Free Kick,0,0.0065071667
0,17.810109488714552,15.15849859310561,Right Foot,From Corner,0,0.04777013
0,21.159631376751346,6.658549305167807,Right Foot,From Free Kick,0,0.008851705
0,14.212670403551899,31.414611087725575,Right Foot,Regular Play,0,0.09558376
0,35.33907186104355,12.512568036963806,Right Foot,From Throw In,0,0.0118638035
1,8.872992730753248,40.93211270254734,Right Foot,From Goal Kick,0,0.31874228
0,23.801890681204295,19.077869824542457,Right Foot,Regular Play,0,0.036448006
0,19.08009433938941,22.813044583328878,Left Foot,From Free Kick,0,0.13836038
0,8.926925562588721,47.8647494746892,Right Foot,Regular Play,0,0.3730103
0,14.142842712835357,23.286463951416163,Right Foot,From Throw In,0,0.28996226
0,22.29282395749807,14.098732237638181,Right Foot,From Throw In,0,0.024480116
0,9.139474820797968,45.86482357199474,Head,From Corner,0,0.065169856
0,25.489213404889526,14.915659108594998,Right Foot,From Free Kick,0,0.053563386
1,15.041608956491324,19.2930808246853,Right Foot,From Counter,0,0.16441207
0,11.881077392223313,31.533884924571762,Head,Regular Play,0,0.06545554
0,15.264337522473747,11.664920369791457,Left Foot,Regular Play,0,0.016927462
0,22.027255843613382,11.375670923553024,Left Foot,Regular Play,0,0.012009094
0,24.860008045050986,17.757931259563396,Left Foot,From Free Kick,0,0.046143826
0,11.187939935484096,39.12526064841254,Right Foot,From Throw In,1,0.063389905
0,23.358510226467786,10.190183064768974,Right Foot,Regular Play,0,0.009715966
0,25.303161857759992,16.558097003331593,Right Foot,From Corner,0,0.029523049
0,8.080222769206303,37.920826055547224,Head,From Corner,0,0.09064111
1,3.534119409414461,106.30419800383224,Right Foot,From Corner,0,0.8945071
0,21.510230124292022,16.462776330931266,Right Foot,Regular Play,0,0.0845098
0,17.839843048636947,14.113824395699124,Right Foot,Regular Play,0,0.056867022
1,9.71236325515062,43.52600840566444,Head,From Free Kick,0,0.07892812
1,21.47207488809594,20.138005653866454,Left Foot,From Throw In,0,0.058657028
0,22.391292950609166,19.59659697009861,Right Foot,From Throw In,0,0.08318807
0,19.52331938989884,20.427317173386275,Right Foot,From Corner,0,0.039666813
1,6.403124237432854,63.97461053564929,Right Foot,Regular Play,0,0.8974681
0,15.492256130079957,25.73970775467204,Left Foot,From Counter,0,0.05176351
0,20.62062074720351,14.88922993377527,Right Foot,From Counter,0,0.02132554
0,24.85558287387362,17.417970792202848,Right Foot,From Keeper,1,0.10917903
1,18.009997223764355,22.034250269356434,Right Foot,From Goal Kick,0,0.28323865
1,9.486832980505138,44.21517539700812,Left Foot,From Counter,0,0.46942416
0,11.078808600206072,35.45126501733282,Head,From Corner,1,0.0304652
0,18.560711193270592,13.555088671883267,Right Foot,From Free Kick,0,0.10947208
0,26.120490041344933,16.58209513188405,Right Foot,Regular Play,0,0.032438725
0,30.117104774529704,13.139551217384021,Right Foot,From Throw In,0,0.025639288
0,14.996666296213975,29.7094241639224,Right Foot,From Keeper,0,0.1134657
0,31.154132952146174,7.967185011684262,Right Foot,From Free Kick,0,0.0070103277
0,28.429737951659003,15.62682089262865,Right Foot,From Throw In,0,0.027356416
0,14.427751037497146,22.602925562443307,Left Foot,Regular Play,0,0.13561569
0,26.70299608658174,15.887841144276504,Right Foot,From Free Kick,0,0.023734333
0,5.5785302723925465,70.70995378081122,Head,From Corner,0,0.22733837
0,22.71497303542314,16.826269125234937,Right Foot,From Throw In,0,0.050302412
0,33.70830758136635,12.67764515323692,Left Foot,From Throw In,1,0.010982664
0,17.032028651925174,22.226147614388044,Right Foot,From Goal Kick,0,0.054105066
0,19.443507913954203,13.1822893788363,Right Foot,Regular Play,1,0.054164495
0,25.984995670578826,17.44849923438954,Left Foot,From Goal Kick,1,0.021631707
0,34.11231449198368,2.9529093870831025,Right Foot,From Free Kick,0,0.007375095
0,26.08926982496827,16.62052064044411,Left Foot,Regular Play,0,0.02991042
0,24.035390573069535,12.137243789098935,Right Foot,Regular Play,0,0.009158539
0,8.637129152675667,49.57749621338181,Head,From Corner,1,0.06452631
0,22.440142602042442,12.400334235602797,Right Foot,From Throw In,0,0.01369968
0,32.93706119252292,13.712267214308625,Right Foot,Regular Play,0,0.022188112
0,22.21936092690336,20.309853932135038,Right Foot,Regular Play,0,0.065653466
0,32.44996147917591,14.03364336902136,Right Foot,From Free Kick,0,0.023304239
1,4.118252056394801,86.56636963754944,Other,From Free Kick,0,0.56495196
0,11.1610931364271,38.77033213512761,Head,From Corner,1,0.03727616
0,11.609048195265625,12.89910100483245,Left Foot,Regular Play,0,0.036752854
1,11.846096403457132,31.97015971791198,Right Foot,From Goal Kick,0,0.18104906
0,24.355902775302745,18.04067216530066,Right Foot,From Throw In,1,0.057691004
1,10.590561835898987,40.86716642350805,Head,Regular Play,0,0.08878088
0,36.17070637961056,11.068271736816085,Left Foot,From Kick Off,0,0.0062173195
0,7.917701686727027,50.180342668433326,Head,From Free Kick,0,0.21267414
0,35.54068091638088,10.289159341158078,Right Foot,Regular Play,0,0.0066099144
0,19.66977376585709,21.32575935512919,Right Foot,Regular Play,0,0.07894745
0,15.443445211480501,25.89162365955901,Head,From Throw In,1,0.030855335
0,32.61931942882929,12.022828725746848,Right Foot,From Throw In,0,0.009109482
0,24.961570463414354,14.623640185730196,Right Foot,From Goal Kick,0,0.045332674
0,8.127115109311548,50.90614111377048,Head,From Corner,0,0.13848205
0,16.140012391568973,26.89218502569346,Left Foot,Regular Play,0,0.15308252
0,29.30187707297947,11.589498334523945,Right Foot,From Throw In,0,0.011924569
0,9.202173656261872,38.382012712012965,Head,From Free Kick,0,0.0877444
0,18.985520798756095,23.699584561246258,Right Foot,From Free Kick,0,0.050540753
1,15.879546593023365,22.121941971881864,Left Foot,From Free Kick,0,0.080592275
0,20.659622455408034,16.385764883818396,Left Foot,Regular Play,0,0.040064447
1,22.931419493786244,15.438004747048161,Right Foot,Regular Play,0,0.03280492
0,8.900561780022658,48.397443237246826,Right Foot,From Corner,0,0.33156127
0,4.801041553663124,77.26718986879078,Other,From Corner,0,0.63619345
0,9.563472172804184,20.357750357448158,Head,From Corner,1,0.077176735
0,16.772596698186,14.537153031240083,Right Foot,From Throw In,0,0.0639515
0,37.52572450999447,10.832855235762882,Left Foot,From Throw In,0,0.015201165
0,11.80677771451635,37.415695719328795,Head,From Corner,0,0.036932193
0,28.111385593741197,15.697814931060353,Left Foot,From Free Kick,0,0.056788407
0,10.089598604503552,30.826073839111235,Head,Regular Play,0,0.077553175
0,10.72800074571213,40.28841781877314,Head,From Corner,1,0.048093256
0,10.123734488813895,34.7498891138942,Head,From Corner,1,0.061390053
0,9.364827814754522,42.106192946761034,Left Foot,Regular Play,1,0.09163986
0,25.013996082193664,16.999656538478543,Right Foot,From Corner,0,0.03008143
0,9.626006440887101,29.85422732362633,Head,From Corner,0,0.059008703
0,28.50438562747845,13.71590299066552,Right Foot,From Corner,0,0.019586006
0,10.645186705737009,20.71330915826827,Head,From Corner,0,0.055939306
1,4.965883607174056,76.47417313636227,Left Foot,From Free Kick,0,0.4040968
1,7.130918594402832,57.73411979226598,Head,From Goal Kick,0,0.20083603
0,27.8632374285545,11.53639224790308,Right Foot,From Throw In,0,0.010946972
0,4.162931659299728,84.41457038475885,Head,From Corner,1,0.21468838
0,19.428072472584617,18.59410995535295,Left Foot,From Throw In,0,0.07450179
0,9.0249653738948,45.75583714835382,Head,From Throw In,0,0.07677545
1,7.570997292299086,55.08600042342726,Head,Regular Play,0,0.23484395
1,5.825804665451805,63.51139411380224,Head,From Throw In,1,0.16237147
0,13.148764200486672,28.8417667042738,Right Foot,From Free Kick,0,0.10557394
1,14.440221604947753,25.73536115493789,Left Foot,From Free Kick,0,0.15416233
0,29.596790366524537,15.147330407170891,Left Foot,From Free Kick,0,0.034794893
0,14.122676800097066,21.645077597323585,Right Foot,From Corner,0,0.065267496
0,17.11286066091815,9.514333003839214,Left Foot,From Corner,0,0.011154885
0,12.7283148923964,23.66909557616404,Left Foot,From Corner,0,0.19109753
0,23.900209204105312,19.0020686034755,Right Foot,From Corner,0,0.026676558
0,20.580087463370994,13.574190746495725,Left Foot,From Goal Kick,0,0.03964235
0,10.499523798725347,34.181098413826106,Head,From Free Kick,1,0.054534186
0,15.50516043128868,20.342260171609347,Right Foot,From Corner,0,0.060233038
0,16.574679484080534,26.890110079425344,Left Foot,From Corner,0,0.064945966
0,11.640017182117901,25.110534950730496,Head,From Corner,1,0.05996953
0,18.872466717416675,11.174798876240816,Left Foot,From Corner,0,0.014336902
0,27.285344051340086,13.284525039996812,Left Foot,From Throw In,0,0.025138553
0,38.84906691286163,10.975655172812582,Left Foot,Regular Play,0,0.005484339
0,18.514858897652992,24.0145228161142,Right Foot,From Throw In,1,0.07146578
0,17.182549286994643,20.715079953767724,Right Foot,Regular Play,0,0.15781382
0,13.172699040060095,30.069729861551462,Right Foot,Regular Play,0,0.2733873
1,3.360059523282291,106.40311064190453,Head,Regular Play,0,0.71106935
1,12.73106437027164,26.74049702267931,Right Foot,From Free Kick,1,0.16736692
0,25.956309444911458,17.104442928881692,Left Foot,From Throw In,0,0.041819587
0,13.729530217745982,32.05014552672117,Head,From Free Kick,1,0.03238874
0,18.727786842016325,20.085841417243195,Right Foot,From Throw In,0,0.08441304
0,14.229898102235305,28.20117864501319,Right Foot,From Throw In,0,0.099497445
0,32.59601202601324,11.872101357589298,Right Foot,From Throw In,0,0.0066686436
0,32.957700162481,11.410690524191452,Right Foot,From Throw In,0,0.008103582
0,25.3442301125917,17.243272085773942,Right Foot,From Goal Kick,0,0.04665373
0,70.83078426785913,5.573305006226893,Right Foot,Regular Play,0,0.003913026
0,15.87954659302337,19.407540415375866,Left Foot,From Goal Kick,0,0.12024433
0,23.36835467036565,19.29697902388219,Left Foot,Regular Play,0,0.05586675
0,12.52836781069266,34.256595932438394,Left Foot,Regular Play,0,0.10750313
0,28.589508565206224,15.085102052177463,Right Foot,Regular Play,0,0.030132728
0,23.07834482799839,17.612257990906702,Right Foot,From Throw In,0,0.081227794
0,11.594826432508597,37.10754846044166,Right Foot,Regular Play,0,0.103292696
0,29.24328982860854,15.251016767405611,Right Foot,From Free Kick,0,0.0429242
0,9.621330469326988,38.45114472921718,Right Foot,Regular Play,0,0.20824905
0,17.513994404475525,25.71220532592344,Left Foot,From Throw In,0,0.1501565
1,7.731752712031085,54.59804799698942,Right Foot,From Throw In,0,0.48925844
1,15.65886330485071,26.36471710007014,Left Foot,Regular Play,0,0.09218961
0,30.08205445111753,14.288777617976088,Left Foot,From Free Kick,0,0.015886325
0,13.435028842544403,24.79722412122192,Left Foot,Regular Play,0,0.04809784
0,20.316003544004417,21.46498128077622,Left Foot,From Throw In,0,0.08547543
1,10.791200118615166,22.88463472681544,Left Foot,From Corner,0,0.10498973
0,31.440260813167566,12.971077721250454,Right Foot,From Free Kick,0,0.017297672
0,16.1245154965971,14.697319279511905,Right Foot,From Free Kick,0,0.06487478
0,14.442298985964806,21.94694178567862,Head,From Free Kick,0,0.033574425
1,17.962182495454165,23.918091934176626,Right Foot,From Free Kick,0,0.056229107
1,10.30048542545447,42.4441458936278,Right Foot,Regular Play,0,0.33333436
1,16.400000000000002,26.839814293113104,Left Foot,From Keeper,0,0.16366571
0,17.67766952966369,25.27552766762417,Right Foot,Regular Play,0,0.10654532
0,28.550656735003486,9.379288949520582,Right Foot,From Free Kick,0,0.008599174
1,11.00545319375809,38.360783601574106,Head,Regular Play,1,0.08130363
0,10.97679370308106,38.79596431464991,Right Foot,Regular Play,0,0.4341785
0,14.21302219797042,23.47941537768694,Right Foot,From Throw In,0,0.24546398
1,12.131364309095664,19.790678095069826,Left Foot,From Corner,0,0.14639324
1,19.021303845951255,23.727780713790846,Right Foot,From Free Kick,0,0.13916126
0,22.389729788454346,19.347348288083715,Left Foot,Regular Play,0,0.059277993
0,23.93532953606447,17.31359462593001,Right Foot,Regular Play,0,0.03829635
0,11.98540779448075,36.48374524068915,Right Foot,Regular Play,0,0.24875651
0,23.600211863455797,19.239126089200848,Right Foot,From Free Kick,0,0.052886155
0,23.967686580060246,16.138982567732608,Right Foot,From Keeper,0,0.023891453
0,27.37243138634199,11.651381229886287,Left Foot,From Free Kick,0,0.011981465
1,14.988328792764058,26.844460394083175,Left Foot,Regular Play,1,0.10933437
0,8.381527307120106,35.85114701420618,Left Foot,Regular Play,0,0.1355834
0,28.667751917442004,15.428722801554235,Right Foot,From Throw In,0,0.019849088
0,13.917614738165447,11.947144651646129,Left Foot,Regular Play,0,0.031612467
0,10.042410069301097,42.44463562817804,Left Foot,Regular Play,0,0.30414897
0,27.634941650019815,14.401857427873415,Left Foot,From Throw In,0,0.02367336
0,22.343902971504328,19.843996585312183,Right Foot,From Throw In,0,0.045590583
0,22.844255295369123,19.10306129135432,Right Foot,From Free Kick,0,0.03737635
0,24.436448187083162,15.759275660709628,Right Foot,From Free Kick,0,0.02121069
1,12.074767078498862,33.64930212587661,Left Foot,Regular Play,0,0.68703645
0,11.386395390991828,38.49960108250329,Left Foot,From Throw In,0,0.29454654
0,22.11650967037973,15.768027003833678,Left Foot,From Throw In,0,0.038875267
0,9.873702446397706,38.8342996011849,Head,From Throw In,0,0.12449543
0,11.080162453682703,26.313359238848903,Head,From Corner,0,0.044797283
0,12.425779653607258,35.63155391689415,Right Foot,From Free Kick,0,0.083684884
0,26.139816372729168,17.312703126601047,Right Foot,From Free Kick,0,0.0651609
0,25.639422770413532,16.2050978485806,Right Foot,From Free Kick,0,0.06485747
0,18.938056922503957,18.582805337261064,Left Foot,Regular Play,0,0.033440635
0,19.409533739891852,22.524499224667064,Right Foot,From Free Kick,0,0.047920834
0,15.774663229368798,22.74206484824463,Right Foot,From Corner,1,0.06651591
0,9.849365461794987,32.69624566489872,Head,From Goal Kick,0,0.11827337
0,17.5,16.140743863767113,Right Foot,From Throw In,0,0.07058843
0,8.90505474435727,45.67088010572804,Right Foot,From Goal Kick,0,0.27918908
0,35.88983142897163,10.056689330825796,Right Foot,Regular Play,0,0.006493906
0,18.102486017119304,15.901686478114376,Right Foot,From Goal Kick,0,0.038835723
0,14.721752613055283,30.364399788148038,Left Foot,From Corner,0,0.075584605
0,22.055384830013736,17.905736935290705,Left Foot,From Free Kick,0,0.037848417
0,20.2427764894048,22.213150540032338,Right Foot,Regular Play,1,0.086029716
0,27.569729777420747,16.3009120039375,Right Foot,Regular Play,0,0.03332142
0,21.51882896442091,15.88240785370882,Right Foot,From Corner,0,0.042308386
0,13.700364958642528,32.55101240721302,Right Foot,From Corner,0,0.05692788
0,6.481512169239516,57.48248938495451,Right Foot,Regular Play,1,0.14917652
0,17.3219513912261,23.98868517834001,Left Foot,From Throw In,1,0.18481041
1,13.31840831330831,33.39740072386504,Head,Regular Play,0,0.05544736
0,11.475626344561766,37.757192312722644,Head,From Throw In,0,0.07645427
0,7.1028163428318996,58.7625984797821,Head,Regular Play,0,0.17098139
0,6.325345840347392,58.512530635785986,Head,Regular Play,0,0.1945778
0,7.54320886625845,49.09023852550914,Right Foot,From Throw In,0,0.22043578
0,26.188547115103578,16.624507920334484,Left Foot,From Corner,0,0.018982504
0,30.513275799232044,14.930481857731245,Right Foot,From Throw In,0,0.030384658
1,10.456098698845567,26.434755498733832,Left Foot,From Throw In,0,0.19147108
0,27.951565251341467,15.927793298788428,Left Foot,From Corner,0,0.017692888
0,29.712287020692305,14.93437924211443,Right Foot,From Throw In,0,0.017896876
0,14.95660389259541,16.924219887820765,Right Foot,From Throw In,0,0.034694295
1,8.634813257969167,48.93017554572546,Head,From Corner,0,0.16905431
0,7.702596964660688,54.877098023048305,Head,From Corner,1,0.17925091
1,9.533624704172071,45.42148033713084,Right Foot,Regular Play,0,0.77927965
0,16.63850954863446,24.704895809978925,Right Foot,From Goal Kick,0,0.08709453
0,15.538983235720412,28.810208415252102,Right Foot,From Goal Kick,0,0.14067347
0,13.6194713553794,32.50552090722685,Right Foot,From Throw In,0,0.08098688
0,21.828879952943073,19.602575610617475,Left Foot,Regular Play,0,0.04884043
0,7.1028163428318996,58.7625984797821,Right Foot,Regular Play,0,0.5517509
0,10.467568963231152,40.24541536834224,Head,From Throw In,0,0.083539926
0,23.71349826575573,19.13897289124531,Right Foot,From Free Kick,0,0.035826564
0,9.391485505499123,42.94579527053199,Left Foot,From Free Kick,0,0.07860331
0,15.344705927452633,24.49704173141163,Right Foot,From Throw In,0,0.12751806
0,14.650938536489733,23.505947861585536,Left Foot,From Corner,0,0.07606661
0,7.0,59.48976259388444,Head,From Corner,1,0.096129
0,19.053608582103287,15.462784011989923,Right Foot,From Free Kick,0,0.027555656
0,15.183214415926559,28.730455349008658,Left Foot,Regular Play,0,0.17584424
0,15.892765649816901,8.273133060168863,Left Foot,Regular Play,0,0.013371275
1,6.8622153857191055,59.12544621163866,Head,Regular Play,1,0.14142905
1,7.000714249274855,57.592305564742965,Head,From Free Kick,0,0.16888039
0,8.02309167341369,52.57143185286449,Head,From Corner,0,0.07988335
0,10.688779163215976,30.38137087989805,Head,From Throw In,1,0.041087516
1,9.484724561103505,34.69354215289784,Right Foot,From Goal Kick,0,0.29158956
0,19.56041921841145,3.122612092814386,Right Foot,From Throw In,0,0.010523141
0,21.698156603730187,11.435612243569985,Right Foot,From Free Kick,0,0.011031977
0,11.967038062946072,29.2359325402474,Head,From Corner,0,0.040536147
1,3.858756276314945,92.40760902137336,Left Foot,From Corner,0,0.6242964
0,23.435016535091243,18.11197716194808,Left Foot,From Free Kick,0,0.020656463
0,27.200000000000003,16.73177224806517,Left Foot,Regular Play,0,0.036435805
0,28.96635979891157,15.431976040246722,Right Foot,From Corner,0,0.017112639
0,18.816216410320116,12.541369227862573,Right Foot,From Free Kick,0,0.022429451
0,25.744902408049644,17.44073858241094,Left Foot,From Throw In,0,0.024709688
0,33.28618331981004,11.350591026538606,Right Foot,From Keeper,0,0.007849269
0,23.24758051927125,18.708181143816162,Right Foot,From Throw In,0,0.03675865
0,8.848163651289456,43.15391954698334,Head,From Throw In,0,0.28873095
0,16.063934760823702,27.424846207306782,Left Foot,Regular Play,0,0.11468789
0,18.92828571212935,23.0440632349071,Right Foot,From Goal Kick,0,0.052517958
0,21.362116000059547,15.727250532005309,Right Foot,Regular Play,0,0.023785131
0,24.641834347304577,16.64890834031521,Left Foot,From Corner,0,0.021393217
0,23.02216323458767,18.821305618252122,Left Foot,From Goal Kick,0,0.039930075
0,22.14881486671465,20.007531132974194,Left Foot,Regular Play,0,0.100738145
0,15.590060936378665,17.410763067643657,Right Foot,From Free Kick,0,0.04621987
0,29.930085198675936,13.25198954604898,Right Foot,From Counter,0,0.029762346
0,33.35206140555633,13.143075233758557,Left Foot,From Free Kick,0,0.023724081
0,31.200641019056004,14.610934772807415,Right Foot,From Throw In,0,0.021024177
0,16.953170794869028,13.108193255678799,Left Foot,From Throw In,0,0.04430043
1,12.571793825862724,33.38180267231058,Right Foot,From Counter,0,0.42196128
